CODE;ENGLISH;FRENCH;GERMAN;POLISH;SPANISH;ITALIAN;SWEDISH;CZECH;HUNGARIAN;DUTCH;PORTUGUESE;RUSSIAN;FINNISH;x
ABU_absolute_monarchy;Stati della Tregua;;;;;;;;;;;;;x
ABU_bourgeois_dictatorship;Consigli Arabi Uniti;;;;;;;;;;;;;x
ABU_fascist_dictatorship;Emirato;;;;;;;;;;;;;x
ABU_proletarian_dictatorship;Repubblica Popolare Araba;;;;;;;;;;;;;x
ACA_fra_colonial_company;Acadia;;;;;;;;;;;;;x
ACA_fra_dominion;Acadia;;;;;;;;;;;;;x
ACE_democracy;Repubblica di Acre;;;;;;;;;;;;;x
ACE_proletarian_dictatorship;Comune di Acre;;;;;;;;;;;;;x
ACE_fascist_dictatorship;Stato Acreano;;;;;;;;;;;;;x
ADV_absolute_monarchy;Regno del Texas;;;;;;;;;;;;;x
ADV_bourgeois_dictatorship;Repubblica Germano-Texana;;;;;;;;;;;;;x
ADV_ger_colonial_company;Nobile Societ‡ di Magonza;;;;;;;;;;;;;x
ADV_democracy;Repubblica dei Germano-Texani;;;;;;;;;;;;;x
ADV_ger_dominion;Colonia Imperiale del Texas;;;;;;;;;;;;;x
ADV_fascist_dictatorship;Reich Texano;;;;;;;;;;;;;x
ADV_hms_government;Regno di Texas;;;;;;;;;;;;;x
ADV_presidential_dictatorship;Repubblica Germano-Tedesca;;;;;;;;;;;;;x
ADV_proletarian_dictatorship;Repubblica Popolare Texana;;;;;;;;;;;;;x
ADV_prussian_constitutionalism;Regno di Texas;;;;;;;;;;;;;x
ADW_absolute_monarchy;Adamawa;;;;;;;;;;;;;x
ADW_democracy;Repubblica di Adamawa;;;;;;;;;;;;;x
ADW_fascist_dictatorship;Califfato di Adamawa;;;;;;;;;;;;;x
ADW_hms_government;Adamawa;;;;;;;;;;;;;x
ADW_proletarian_dictatorship;Repubblica Socialista di Adamawa;;;;;;;;;;;;;x
ADW_prussian_constitutionalism;Adamawa;;;;;;;;;;;;;x
AFG_hms_government;Regno d'Afghanistan;;;;;;;;;;;;;x
AFG_prussian_constitutionalism;Regno d'Afghanistan;;;;;;;;;;;;;x
AFG_theocracy;Impero Durrani;;;;;;;;;;;;;x
AIN_absolute_monarchy;Ainu Mosir;;;;;;;;;;;;;x
AKH_absolute_monarchy;Orda Bˆkei;;;;;;;;;;;;;x
AKH_prussian_constitutionalism;Orda Bˆkei;;;;;;;;;;;;;x
ALD_fra_colonial_company;Algeria;;;;;;;;;;;;;x
ALD_fra_dominion;Algeria;;;;;;;;;;;;;x
ALS_ger_colonial_company;Alsazia-Lorena;;;;;;;;;;;;;x
ALS_ger_dominion;Alsazia-Lorena;;;;;;;;;;;;;x
ALT_absolute_monarchy;Urianhaj d'Altaj;;;;;;;;;;;;;x
ALT_hms_government;Urianhaj d'Altaj;;;;;;;;;;;;;x
ALT_prussian_constitutionalism;Urianhaj d'Altaj;;;;;;;;;;;;;x
ANB_absolute_monarchy;Ducato di Anhalt-Bernburg;;;;;;;;;;;;;x
ANB_ger_colonial_company;Gau di Bernburg;;;;;;;;;;;;;x
ANB_democracy;Stato Libero di Anhalt-Bernburg;;;;;;;;;;;;;x
ANB_ger_dominion;Gau di Bernburg;;;;;;;;;;;;;x
ANB_fascist_dictatorship;Reich Bernburghese;;;;;;;;;;;;;x
ANB_federal_democracy;Stato Libero di Anhalt-Bernburg;;;;;;;;;;;;;x
ANB_hms_government;Ducato di Anhalt-Bernburg;;;;;;;;;;;;;x
ANB_parliamentary_republic;Stato Libero di Anhalt-Bernburg;;;;;;;;;;;;;x
ANB_proletarian_dictatorship;Repubblica Democratica Bernburghese;;;;;;;;;;;;;x
ANB_prussian_constitutionalism;Ducato di Anhalt-Bernburg;;;;;;;;;;;;;x
ANH_absolute_monarchy;Ducato di Anhalt;;;;;;;;;;;;;x
ANH_ger_colonial_company;Gau di Dessau;;;;;;;;;;;;;x
ANH_democracy;Stato Libero di Anhalt;;;;;;;;;;;;;x
ANH_ger_dominion;Gau di Dessau;;;;;;;;;;;;;x
ANH_fascist_dictatorship;Reich Dessauese;;;;;;;;;;;;;x
ANH_federal_democracy;Stato Libero di Anhalt;;;;;;;;;;;;;x
ANH_hms_government;Ducato di Anhalt;;;;;;;;;;;;;x
ANH_parliamentary_republic;Stato Libero di Anhalt;;;;;;;;;;;;;x
ANH_proletarian_dictatorship;Repubblica Democratica Dessauese;;;;;;;;;;;;;x
ANH_prussian_constitutionalism;Ducato di Anhalt;;;;;;;;;;;;;x
ANK_absolute_monarchy;Ducato di Anhalt-Kˆthen;;;;;;;;;;;;;x
ANK_ger_colonial_company;Gau di Kˆthen;;;;;;;;;;;;;x
ANK_democracy;Stato Libero di Anhalt-Kˆthen;;;;;;;;;;;;;x
ANK_ger_dominion;Gau di Kˆthen;;;;;;;;;;;;;x
ANK_fascist_dictatorship;Reich Kˆthenese;;;;;;;;;;;;;x
ANK_federal_democracy;Stato Libero di Anhalt-Kˆthen;;;;;;;;;;;;;x
ANK_hms_government;Ducato di Anhalt-Kˆthen;;;;;;;;;;;;;x
ANK_parliamentary_republic;Stato Libero di Anhalt-Kˆthen;;;;;;;;;;;;;x
ANK_proletarian_dictatorship;Repubblica Democratica Kˆtenese;;;;;;;;;;;;;x
ANK_prussian_constitutionalism;Ducato di Anhalt-Kˆthen;;;;;;;;;;;;;x
AOT_absolute_monarchy;Trib˘ Unite;United Tribes;United Tribes;;;;;;;;;;;x
AOT_hms_government;Trib˘ Unite;United Tribes;United Tribes;;;;;;;;;;;x
AOT_prussian_constitutionalism;Trib˘ Unite;United Tribes;United Tribes;;;;;;;;;;;x
ARC_democracy;Confederazione Argentina;;;;;;;;;;;;;x
ARC_presidential_dictatorship;Confederazione Argentina;;;;;;;;;;;;;x
ARC_proletarian_dictatorship;Confederazione Comunista Argentina;;;;;;;;;;;;;x
ARO_bourgeois_dictatorship;Biafra;Biafra;Biafra;;;;;;;;;;;x
ARO_democracy;Biafra;Biafra;Biafra;;;;;;;;;;;x
ARO_fascist_dictatorship;Biafra;Biafra;Biafra;;;;;;;;;;;x
ARO_presidential_dictatorship;Biafra;Biafra;Biafra;;;;;;;;;;;x
ARO_proletarian_dictatorship;Biafra;Biafra;Biafra;;;;;;;;;;;x
ARU_bourgeois_dictatorship;Repubblica Araba;;;;;;;;;;;;;x
ARU_democracy;Stati Uniti Arabi;;;;;;;;;;;;;x
ARU_fascist_dictatorship;Repubblica Araba;;;;;;;;;;;;;x
ARU_presidential_dictatorship;Repubblica Araba;;;;;;;;;;;;;x
ARU_proletarian_dictatorship;Repubblica Popolare Araba;;;;;;;;;;;;;x
ASH_bourgeois_dictatorship;Ghana;Ghana;Ghana;;;;;;;;;;;x
ASH_democracy;Ghana;Ghana;Ghana;;;;;;;;;;;x
ASH_fascist_dictatorship;Ghana;Ghana;Ghana;;;;;;;;;;;x
ASH_presidential_dictatorship;Ghana;Ghana;Ghana;;;;;;;;;;;x
ASH_proletarian_dictatorship;Ghana;Ghana;Ghana;;;;;;;;;;;x
ASM_bourgeois_dictatorship;Repubblica Assamese;;;;;;;;;;;;;x
ASM_fascist_dictatorship;Repubblica Assamese;;;;;;;;;;;;;x
ASM_presidential_dictatorship;Repubblica Assamese;;;;;;;;;;;;;x
AST_absolute_monarchy;Dominio dell'Australia;;;;;;;;;;;;;x
AST_eng_colonial_company;Australia;;;;;;;;;;;;;x
AST_eng_dominion;Dominio dell'Australia;;;;;;;;;;;;;x
AST_fra_colonial_company;Dominio dell'Australia;;;;;;;;;;;;;x
AST_fra_dominion;Dominio dell'Australia;;;;;;;;;;;;;x
AST_hms_government;Dominio dell'Australia;;;;;;;;;;;;;x
AST_prussian_constitutionalism;Dominio dell'Australia;;;;;;;;;;;;;x
ASY_fascist_dictatorship;Aramea;;;;;;;;;;;;;x
ATB_absolute_monarchy;Ducato di Sassonia-Altenburg;;;;;;;;;;;;;x
ATB_ger_colonial_company;Gau di Altenberg;;;;;;;;;;;;;x
ATB_democracy;Stato Libero di Sassonia-Altenburg;;;;;;;;;;;;;x
ATB_ger_dominion;Gau di Altenberg;;;;;;;;;;;;;x
ATB_fascist_dictatorship;Reich Altenburghese;;;;;;;;;;;;;x
ATB_federal_democracy;Stato Libero di Sassonia-Altenburg;;;;;;;;;;;;;x
ATB_hms_government;Ducato di Sassonia-Altenburg;;;;;;;;;;;;;x
ATB_parliamentary_republic;Stato Libero di Sassonia-Altenburg;;;;;;;;;;;;;x
ATB_proletarian_dictatorship;Repubblica Democratica Altenburghese;;;;;;;;;;;;;x
ATB_prussian_constitutionalism;Ducato di Sassonia-Altenburg;;;;;;;;;;;;;x
ATH_theocracy;Repubblica Monastica di Athos;;;;;;;;;;;;;x
AUS_absolute_monarchy;Impero Austriaco;;;;;;;;;;;;;x
AUS_ger_colonial_company;Land di Ostmark;;;;;;;;;;;;;x
AUS_democracy;Repubblica d'Austria;;;;;;;;;;;;;x
AUS_ger_dominion;Land di Ostmark;;;;;;;;;;;;;x
AUS_fascist_dictatorship;Reich Austriaco;;;;;;;;;;;;;x
AUS_federal_democracy;Repubblica d'Austria;;;;;;;;;;;;;x
AUS_hms_government;Impero Austriaco;;;;;;;;;;;;;x
AUS_parliamentary_republic;Repubblica d'Austria;;;;;;;;;;;;;x
AUS_proletarian_dictatorship;Repubblica Sovietica Austriaca;;;;;;;;;;;;;x
AUS_prussian_constitutionalism;Impero Austriaco;;;;;;;;;;;;;x
AZH_absolute_monarchy;Sceiccato di Anazzah;;;;;;;;;;;;;x
BAD_absolute_monarchy;Granducato di Baden;;;;;;;;;;;;;x
BAD_ger_colonial_company;Land di Baden;;;;;;;;;;;;;x
BAD_democracy;Repubblica di Baden;;;;;;;;;;;;;x
BAD_ger_dominion;Land di Baden;;;;;;;;;;;;;x
BAD_fascist_dictatorship;Reich Badeniana;;;;;;;;;;;;;x
BAD_federal_democracy;Repubblica di Baden;;;;;;;;;;;;;x
BAD_hms_government;Granducato di Baden;;;;;;;;;;;;;x
BAD_parliamentary_republic;Repubblica di Baden;;;;;;;;;;;;;x
BAD_proletarian_dictatorship;Repubblica Sovietica Badeniana;;;;;;;;;;;;;x
BAD_prussian_constitutionalism;Granducato di Baden;;;;;;;;;;;;;x
BAN_ger_colonial_company;Stato Libero del Banato;;;;;;;;;;;;;x
BAN_democracy;Reubblica del Banato;;;;;;;;;;;;;x
BAN_ger_dominion;Stato Libero del Banato;;;;;;;;;;;;;x
BAV_absolute_monarchy;Regno di Baviera;;;;;;;;;;;;;x
BAV_ger_colonial_company;Land di Bayern;;;;;;;;;;;;;x
BAV_democracy;Repubblica di Baviera;;;;;;;;;;;;;x
BAV_ger_dominion;Land di Bayern;;;;;;;;;;;;;x
BAV_fascist_dictatorship;Reich Bavarese;;;;;;;;;;;;;x
BAV_federal_democracy;Repubblica di Baviera;;;;;;;;;;;;;x
BAV_hms_government;Regno di Baviera;;;;;;;;;;;;;x
BAV_parliamentary_republic;Repubblica di Baviera;;;;;;;;;;;;;x
BAV_proletarian_dictatorship;Repubblica Sovietica Bavarese;;;;;;;;;;;;;x
BAV_prussian_constitutionalism;Regno di Baviera;;;;;;;;;;;;;x
BEL_net_colonial_company;Paesi Bassi Meridionali;;;;;;;;;;;;;x
BEL_ger_dominion;Fiandre-Vallonia;;;;;;;;;;;;;x
BER_eng_colonial_company;Agenzia di Gujarat;;;;;;;;;;;;;x
BER_eng_dominion;Agenzia di Gujarat;;;;;;;;;;;;;x
BHM_eng_colonial_company;Colonia delle Bahamas;;;;;;;;;;;;;x
BHM_eng_dominion;Confederazione delle Bahamas;;;;;;;;;;;;;x
BHM_hms_government;Bahamas;;;;;;;;;;;;;x
BHM_parliamentary_republic;Bahamas;;;;;;;;;;;;;x
BIH_proletarian_dictatorship;Repubblica Popolare Bihari;;;;;;;;;;;;;x
BLC_eng_colonial_company;Agenzia del Belucistan;;;;;;;;;;;;;x
BLC_eng_dominion;Agenzia del Belucistan;;;;;;;;;;;;;x
BLZ_eng_colonial_company;Honduras Britannico;;;;;;;;;;;;;x
BLZ_eng_dominion;Honduras Britannico;;;;;;;;;;;;;x
BLZ_hms_government;Belize;;;;;;;;;;;;;x
BLZ_parliamentary_republic;Belize;;;;;;;;;;;;;x
BMD_eng_colonial_company;Isole delle Bermuda;;;;;;;;;;;;;x
BMD_eng_dominion;Isole delle Bermuda;;;;;;;;;;;;;x
BMK_absolute_monarchy;Kaarta;;;;;;;;;;;;;x
BMK_hms_government;Kaarta;;;;;;;;;;;;;x
BMK_prussian_constitutionalism;Kaarta;;;;;;;;;;;;;x
BNG_absolute_monarchy;Bengala;;;;;;;;;;;;;x
BNG_hms_government;Bengala;;;;;;;;;;;;;x
BNG_proletarian_dictatorship;Repubblica Popolare Bengalese;;;;;;;;;;;;;x
BNG_prussian_constitutionalism;Bengala;;;;;;;;;;;;;x
BOH_ger_colonial_company;Protettorato di Boemia e Moravia;;;;;;;;;;;;;x
BOH_democracy;Repubblica Ceca;RÈpublique tchËque;Tschechische Republik;;;;;;;;;;;x
BOH_ger_dominion;Boemia e Moravia;;;;;;;;;;;;;x
BOS_ger_colonial_company;Bosnia ed Erzegovina;;;;;;;;;;;;;x
BOS_ger_dominion;Bosnia ed Erzegovina;;;;;;;;;;;;;x
BRA_absolute_monarchy;Ducato di Brunswick;;;;;;;;;;;;;x
BRA_ger_colonial_company;Gau di Brunswick;;;;;;;;;;;;;x
BRA_democracy;Stato Libero di Brunswick;;;;;;;;;;;;;x
BRA_ger_dominion;Gau di Brunswick;;;;;;;;;;;;;x
BRA_fascist_dictatorship;Reich Brunswickese;;;;;;;;;;;;;x
BRA_federal_democracy;Stato Libero di Brunswick;;;;;;;;;;;;;x
BRA_hms_government;Ducato di Brunswick;;;;;;;;;;;;;x
BRA_parliamentary_republic;Stato Libero di Brunswick;;;;;;;;;;;;;x
BRA_proletarian_dictatorship;Repubblica Democratica Brunswickese;;;;;;;;;;;;;x
BRA_prussian_constitutionalism;Ducato di Brunswick;;;;;;;;;;;;;x
BRB_eng_colonial_company;Colonia delle Barbados;;;;;;;;;;;;;x
BRB_eng_dominion;Barbados;;;;;;;;;;;;;x
BRB_hms_government;Barbados;;;;;;;;;;;;;x
BRB_parliamentary_republic;Barbados;;;;;;;;;;;;;x
BRE_absolute_monarchy;Ducato di Brema;;;;;;;;;;;;;x
BRE_ger_colonial_company;Circondario di Brema;;;;;;;;;;;;;x
BRE_democracy;Citt‡ Libera Anseatica di Brema;;;;;;;;;;;;;x
BRE_ger_dominion;Circondario di Brema;;;;;;;;;;;;;x
BRE_fascist_dictatorship;Reich Bremense;;;;;;;;;;;;;x
BRE_federal_democracy;Citt‡ Libera Anseatica di Brema;;;;;;;;;;;;;x
BRE_hms_government;Ducato di Brema;;;;;;;;;;;;;x
BRE_parliamentary_republic;Citt‡ Libera Anseatica di Brema;;;;;;;;;;;;;x
BRE_proletarian_dictatorship;Comune di Brema;;;;;;;;;;;;;x
BRE_prussian_constitutionalism;Ducato di Brema;;;;;;;;;;;;;x
BRM_absolute_monarchy;Baguirmi;;;;;;;;;;;;;x
BRM_democracy;Repubblica di Baguirmi;;;;;;;;;;;;;x
BRM_hms_government;Baguirmi;;;;;;;;;;;;;x
BRM_prussian_constitutionalism;Baguirmi;;;;;;;;;;;;;x
BRZ_absolute_monarchy;Impero del Brasile;;;;;;;;;;;;;x
BRZ_por_colonial_company;Brasile;;;;;;;;;;;;;x
BRZ_dominion;Regno del Brasile;;;;;;;;;;;;;x
BRZ_hms_government;Impero del Brasile;;;;;;;;;;;;;x
BRZ_proletarian_dictatorship;Sfera di Co-Propsperit‡ Brasiliana;;;;;;;;;;;;;x
BRZ_prussian_constitutionalism;Impero del Brasile;;;;;;;;;;;;;x
BSH_absolute_monarchy;Basutoland;;;;;;;;;;;;;x
BSQ_fascist_dictatorship;Euskadi;;;;;;;;;;;;;x
BUG_absolute_monarchy;Buganda;;;;;;;;;;;;;x
BUG_prussian_constitutionalism;Buganda;;;;;;;;;;;;;x
BUK_absolute_monarchy;Buchara;;;;;;;;;;;;;x
BUK_bourgeois_dictatorship;Kirghizia;;;;;;;;;;;;;x
BUK_democracy;Kirghizistan;;;;;;;;;;;;;x
BUK_fascist_dictatorship;Kirghizia;;;;;;;;;;;;;x
BUK_presidential_dictatorship;Kirghizistan;;;;;;;;;;;;;x
BUK_proletarian_dictatorship;Kirghizia;;;;;;;;;;;;;x
BUN_eng_colonial_company;Agenzia dell'India Centrale;;;;;;;;;;;;;x
BUN_eng_dominion;Agenzia dell'India Centrale;;;;;;;;;;;;;x
BUR_absolute_monarchy;Dinastia Konbaung;;;;;;;;;;;;;x
BYZ_absolute_monarchy;Impero dei Greci;Empire byzantin;Byzantinisches Reich;;;;;;;;;;;x
BYZ_bourgeois_dictatorship;Federazione Greca;;;;;;;;;;;;;x
BYZ_democracy;Grande Grecia;;;;;;;;;;;;;x
BYZ_fascist_dictatorship;Impero Romano;;;;;;;;;;;;;x
BYZ_hms_government;Impero Greco;;;;;;;;;;;;;x
BYZ_presidential_dictatorship;Grande Grecia;;;;;;;;;;;;;x
BYZ_proletarian_dictatorship;Unione dei Themata Rossi;Union des thËmes rouges;Union der Rotthematiker;;;;;;;;;;;x
BYZ_prussian_constitutionalism;Impero dei Greci;;;;;;;;;;;;;x
CAL_absolute_monarchy;Impero di Californias;;;;;;;;;;;;;x
CAL_spa_colonial_company;California Spagnola;;;;;;;;;;;;;x
CAL_democracy;Repubblica di California;;;;;;;;;;;;;x
CAL_eng_dominion;Territorio della California;;;;;;;;;;;;;x
CAL_federal_democracy;Repubblica di California;;;;;;;;;;;;;x
CAL_hms_government;Regno di California;Royaume de Californie;Kingdom of California;;;;;;;;;;;x
CAL_prussian_constitutionalism;Impero di California;;;;;;;;;;;;;x
CAN_absolute_monarchy;Canada;;;;;;;;;;;;;x
CAN_eng_colonial_company;Provincia del Canada;;;;;;;;;;;;;x
CAN_democracy;Repubblica del Canada;;;;;;;;;;;;;x
CAN_eng_dominion;Dominio del Canada;;;;;;;;;;;;;x
CAN_fra_colonial_company;Dominio del Canada;;;;;;;;;;;;;x
CAN_fra_dominion;Dominio del Canada;;;;;;;;;;;;;x
CAN_hms_government;Canada;;;;;;;;;;;;;x
CAN_parliamentary_republic;Canada;;;;;;;;;;;;;x
CAN_prussian_constitutionalism;Canada;;;;;;;;;;;;;x
CAR_absolute_monarchy;Impero Centrafricano;;;;;;;;;;;;;x
CAR_fra_colonial_company;Africa Equatoriale;;;;;;;;;;;;;x
CAR_fascist_dictatorship;Impero Centrafricano;;;;;;;;;;;;x
CAR_hms_government;Ubangi-Sciari;;;;;;;;;;;;;x
CAR_prussian_constitutionalism;Ubangi-Sciari;;;;;;;;;;;;;x
CAT_proletarian_dictatorship;Catalogna Anarchica;;;;;;;;;;;;;x
CGO_proletarian_dictatorship;Repubblica Popolare del Congo;;;;;;;;;;;;;x
CHD_absolute_monarchy;Baguirmi;;;;;;;;;;;;;x
CHD_prussian_constitutionalism;Baguirmi;;;;;;;;;;;;;x
CHE_democracy;Nazione Cherokee;;;;;;;;;;;;;x
CHE_eng_dominion;Nazione Cherokee;;;;;;;;;;;;;x
CHE_federal_democracy;Nazione Cherokee;;;;;;;;;;;;;x
CHI_absolute_monarchy;Impero di Cina;;;;;;;;;;;;;x
CHI_democracy;Repubblica di Cina;;;;;;;;;;;;;x
CHI_hms_government;Impero Cinese;;;;;;;;;;;;;x
CHI_presidential_dictatorship;Cina Beiyang;;;;;;;;;;;;;x
CHI_proletarian_dictatorship;Repubblica Popolare Cinese;;;;;;;;;;;;;x
CHI_prussian_constitutionalism;Impero di Cina;;;;;;;;;;;;;x
CHL_spa_colonial_company;Capitanato Generale del Cile;;;;;;;;;;;;;x
CHO_absolute_monarchy;Choshu;;;;;;;;;;;;;x
CHO_hms_government;Choshu;;;;;;;;;;;;;x
CHO_prussian_constitutionalism;Choshu;;;;;;;;;;;;;x
CHP_spa_colonial_company;Intendenza della Citt‡ Reale;;;;;;;;;;;;;x
CHP_democracy;Stato Libero di Chiapas;;;;;;;;;;;;;x
CHP_federal_democracy;Stato Libero di Chiapas;;;;;;;;;;;;;x
CLM_absolute_monarchy;Nuova Granada;;;;;;;;;;;;;x
CLM_fascist_dictatorship;Gran Colombia;;;;;;;;;;;;;x
CLM_hms_government;Nuova Granada;;;;;;;;;;;;;x
CLM_prussian_constitutionalism;Nuova Granada;;;;;;;;;;;;;x
CMR_ger_colonial_company;Camerun;;;;;;;;;;;;;x
CNG_democracy;Repubblica di Congo;;;;;;;;;;;;;x
CNG_hms_government;Stato Libero del Congo;;;;;;;;;;;;;x
CNG_presidential_dictatorship;Zaire;ZaÔre;Zaire;;;;;;;;;;;x
CNG_prussian_constitutionalism;Stato Libero del Congo;;;;;;;;;;;;;x
COB_absolute_monarchy;Ducato di Sassonia-Coburgo e Gotha;;;;;;;;;;;;;x
COB_ger_colonial_company;Gau di Coburgo;;;;;;;;;;;;;x
COB_democracy;Stato Libero di Coburgo;;;;;;;;;;;;;x
COB_ger_dominion;Gau di Coburgo;;;;;;;;;;;;;x
COB_fascist_dictatorship;Reich Coburgense;;;;;;;;;;;;;x
COB_federal_democracy;Stato Libero di Coburgo;;;;;;;;;;;;;x
COB_hms_government;Ducato di Sassonia-Coburgo e Gotha;;;;;;;;;;;;;x
COB_parliamentary_republic;Stato Libero di Coburgo;;;;;;;;;;;;;x
COB_proletarian_dictatorship;Repubblica Sovietica di Coburgo;;;;;;;;;;;;;x
COB_prussian_constitutionalism;Ducato di Sassonia-Coburgo e Gotha;;;;;;;;;;;;;x
COL_eng_colonial_company;Dipartimento di Columbia;;;;;;;;;;;;;x
COL_democracy;Repubblica di Columbia;;;;;;;;;;;;;x
COL_eng_dominion;Colonia della Columbia Britannica;;;;;;;;;;;;;x
COL_hms_government;Columbia Britannica;;;;;;;;;;;;;x
COL_parliamentary_republic;Columbia Britannica;;;;;;;;;;;;;x
COS_spa_colonial_company;Governo della Costa Rica;;;;;;;;;;;;;x
COS_democracy;Repubblica di Costa Rica;;;;;;;;;;;;;x
COS_federal_democracy;Repubblica di Costa Rica;;;;;;;;;;;;;x
COS_presidential_dictatorship;Stato Libero di Costa Rica;;;;;;;;;;;;;x
COU_rus_colonial_company;Governatorato di Curlandia;;;;;;;;;;;;;x
COU_rus_dominion;Governatorato di Curlandia;;;;;;;;;;;;;x
COU_hms_government;Granducato di Curlandia;;;;;;;;;;;;;x
COU_prussian_constitutionalism;Granducato di Curlandia;;;;;;;;;;;;;x
COU_absolute_monarchy;Granducato di Curlandia;;;;;;;;;;;;;x
CPL_absolute_monarchy;Polonia;;;;;;;;;;;;;x
CPL_rus_colonial_company;Regno del Congresso;;;;;;;;;;;;;x
CPL_rus_dominion;Regno del Congresso;;;;;;;;;;;;;x
CPL_hms_government;Polonia;;;;;;;;;;;;;x
CPL_prussian_constitutionalism;Polonia;;;;;;;;;;;;;x
CRB_absolute_monarchy;Federazione Caraibica;;;;;;;;;;;;;x
CRB_eng_colonial_company;Colonia delle Isole Leeward;;;;;;;;;;;;;x
CRB_democracy;Federazione Caraibica;;;;;;;;;;;;;x
CRB_eng_dominion;Colonia delle Isole Leeward;;;;;;;;;;;;;x
CRB_fascist_dictatorship;Impero dei Caraibi;;;;;;;;;;;;;x
CRB_hms_government;Isole Leeward;;;;;;;;;;;;;x
CRB_parliamentary_republic;Isole Leeward;;;;;;;;;;;;;x
CRB_proletarian_dictatorship;Repubblica Popolare dei Caraibi;;;;;;;;;;;;;x
CRB_prussian_constitutionalism;Federazione Caraibica;;;;;;;;;;;;;x
CSA_absolute_monarchy;Confederazione Imperiale;;;;;;;;;;;;;x
CSA_bourgeois_dictatorship;Stati Confederati d'America;…tats confÈdÈrÈs d'AmÈrique;;;;;;;;;;;;x
CSA_democracy;Stati Confederati d'America;…tats confÈdÈrÈs d'AmÈrique;;;;;;;;;;;;x
CSA_fascist_dictatorship;Confederazione;;;;;;;;;;;;;x
CSA_federal_democracy;Stati Confederati d'America;;;;;;;;;;;;;x
CSA_hms_government;Confederazione Imperiale;;;;;;;;;;;;;x
CSA_presidential_dictatorship;Stati Confederati d'America;…tats confÈdÈrÈs d'AmÈrique;;;;;;;;;;;;x
CSA_proletarian_dictatorship;Confederazione del Popolo;;;;;;;;;;;;;x
CSA_prussian_constitutionalism;Confederazione Imperiale;;;;;;;;;;;;;x
CUB_spa_colonial_company;Capitanato Generale di Cuba;;;;;;;;;;;;;x
CUB_democracy;Repubblica di Cuba;;;;;;;;;;;;;x
CUB_federal_democracy;Repubblica di Cuba;;;;;;;;;;;;;x
CUB_presidential_dictatorship;Repubblica di Cuba;;;;;;;;;;;;;x
CUB_proletarian_dictatorship;Repubblica di Cuba;;;;;;;;;;;;;x
CYR_absolute_monarchy;Senussi;;;;;;;;;;;;;x
CYR_theocracy;Senussi;;;;;;;;;;;;;x
DAG_bourgeois_dictatorship;Daghestan;;;;;;;;;;;;;x
DAG_democracy;Daghestan;;;;;;;;;;;;;x
DAG_fascist_dictatorship;Daghestan;;;;;;;;;;;;;x
DAG_presidential_dictatorship;Daghestan;;;;;;;;;;;;;x
DAG_proletarian_dictatorship;Daghestan;;;;;;;;;;;;;x
DAG_theocracy;Imamato del Caucaso;;;;;;;;;;;;;x
DAH_absolute_monarchy;Dahomey;;;;;;;;;;;;;x
DAH_hms_government;Dahomey;;;;;;;;;;;;;x
DAH_proletarian_dictatorship;Repubblica Popolare del Benin;;;;;;;;;;;;;x
DAH_prussian_constitutionalism;Dahomey;;;;;;;;;;;;;x
DAI_absolute_monarchy;Dai Nam;;;;;;;;;;;;;x
DAI_fra_colonial_company;Indocina;;;;;;;;;;;;;x
DAI_prussian_constitutionalism;Dai Nam;;;;;;;;;;;;;x
DAK_absolute_monarchy;Dakota;;;;;;;;;;;;;x
DAK_democracy;Repubblica di Lakota;;;;;;;;;;;;;x
DAK_dominion;Territorio dei Dakota;;;;;;;;;;;;;x
DAK_federal_democracy;Grande Nazione Sioux;;;;;;;;;;;;;x
DAK_hms_government;Confederazione Dakota;;;;;;;;;;;;;x
DAK_prussian_constitutionalism;Confederazione Dakota;;;;;;;;;;;;;x
DAM_absolute_monarchy;Sultanato di Damagaram;;;;;;;;;;;;;x
DAM_bourgeois_dictatorship;Hausaland;Haoussa;Haussaland;;;;;;;;;;;x
DAM_democracy;Hausaland;Haoussa;Haussaland;;;;;;;;;;;x
DAM_fascist_dictatorship;Hausaland;Haoussa;Haussaland;;;;;;;;;;;x
DAM_hms_government;Sultanato di Damagaram;;;;;;;;;;;;;x
DAM_presidential_dictatorship;Hausaland;Haoussa;Haussaland;;;;;;;;;;;x
DAM_proletarian_dictatorship;Repubblica Hausa;Haoussa;Haussaland;;;;;;;;;;;x
DAM_prussian_constitutionalism;Sultanato di Damagaram;;;;;;;;;;;;;x
DAR_absolute_monarchy;Sultanato del Darfur;;;;;;;;;;;;;x
DAR_hms_government;Sultanato del Darfur;;;;;;;;;;;;;x
DAR_prussian_constitutionalism;Sultanato del Darfur;;;;;;;;;;;;;x
DES_democracy;Stato di Deseret;;;;;;;;;;;;;x
DES_dominion;Territorio dell'Utah;;;;;;;;;;;;;x
DES_theocracy;Stato di Deseret;;;;;;;;;;;;;x
DNB_bourgeois_dictatorship;Repubblica Danubiana;;;;;;;;;;;;;x
DNB_fascist_dictatorship;Repubblica Danubiana;;;;;;;;;;;;;x
DNB_presidential_dictatorship;Repubblica Danubiana;;;;;;;;;;;;;x
DNB_proletarian_dictatorship;Repubblica Danubiana;;;;;;;;;;;;;x
DND_bourgeois_dictatorship;Songhai;Songhay;Songhai;;;;;;;;;;;x
DND_democracy;Songhai;Songhay;Songhai;;;;;;;;;;;x
DND_fascist_dictatorship;Repubblica Dendi;Dendi;Dendi;;;;;;;;;;;x
DND_presidential_dictatorship;Songhai;Songhay;Songhai;;;;;;;;;;;x
DND_proletarian_dictatorship;Repubblica Songhai;Songhay;Songhai;;;;;;;;;;;x
DOM_absolute_monarchy;Santo Domingo;Santo Domingo;Santo Domingo;;;;;;;;;;;x
DOM_spa_colonial_company;Capitanato Generale di Santo Domingo;;;;;;;;;;;;;x
DOM_democracy;Repubblica Dominicana;;;;;;;;;;;;;x
DOM_federal_democracy;Repubblica Dominicana;;;;;;;;;;;;;x
DOM_hms_government;Santo Domingo;Santo Domingo;Santo Domingo;;;;;;;;;;;x
DOM_presidential_dictatorship;Santo Domingo;;;;;;;;;;;;;x
DOM_prussian_constitutionalism;Santo Domingo;Santo Domingo;Santo Domingo;;;;;;;;;;;x
DON_absolute_monarchy;Etmanato Cosacco;;;;;;;;;;;;;x
DON_fascist_dictatorship;Cosacchia;;;;;;;;;;;;;x
DON_hms_government;Unione Cosacca;;;;;;;;;;;;;x
DON_prussian_constitutionalism;Etmanato Cosacco;;;;;;;;;;;;;x
DRA_absolute_monarchy;Impero Dravidico;;;;;;;;;;;;;x
DRA_fascist_dictatorship;Dravida Nadu;;;;;;;;;;;;;x
DUR_absolute_monarchy;Impero Durrani;;;;;;;;;;;;;x
DUR_fascist_dictatorship;Repubblica Durrani;;;;;;;;;;;;;x
DUR_hms_government;Impero Durrani;;;;;;;;;;;;;x
DUR_prussian_constitutionalism;Impero Durrani;;;;;;;;;;;;;x
EGY_absolute_monarchy;Sultanato d'Egitto;;;;;;;;;;;;;x
EGY_tur_colonial_company;Chedivato d'Egitto;;;;;;;;;;;;;x
EGY_democracy;Repubblica d'Egitto;;;;;;;;;;;;;x
EGY_hms_government;Regno Egiziano;;;;;;;;;;;;;x
EGY_prussian_constitutionalism;Regno Egiziano;;;;;;;;;;;;;x
EIC_absolute_monarchy;Impero delle Indie Orientali;;;;;;;;;;;;;x
EIC_hms_government;Impero delle Indie Orientali;;;;;;;;;;;;;x
EIC_prussian_constitutionalism;Impero delle Indie Orientali;;;;;;;;;;;;;x
ELS_spa_colonial_company;Intendenza di El Salvador;;;;;;;;;;;;;x
ELS_democracy;Repubblica di El Salvador;;;;;;;;;;;;;x
ELS_federal_democracy;Repubblica di El Salvador;;;;;;;;;;;;;x
ENG_absolute_monarchy;Impero Britannico;Empire britannique;Britisches Kˆnigreich;;;;;;;;;;;x
ENG_bourgeois_dictatorship;Commonwealth Britannico;;;;;;;;;;;;;x
ENG_democracy;Commonwealth Britannico;;;;;;;;;;;;;x
ENG_fascist_dictatorship;Impero di Britannia;;;;;;;;;;;;;x
ENG_presidential_dictatorship;Commonwealth Britannico;;;;;;;;;;;;;x
ENG_proletarian_dictatorship;Commonwealth dei Lavoratori;Commonwealth des ouvriers;The Worker's Commonwealth;;;;;;;;;;;x
ENG_prussian_constitutionalism;Impero Britannico;Empire britannique;Britisches Kˆnigreich;;;;;;;;;;;x
EQG_absolute_monarchy;Moka;;;;;;;;;;;;;x
ETH_absolute_monarchy;Abissinia;Abyssinia;Abyssinia;;;;;;;;;;;x
ETH_fra_colonial_company;Africa Orientale;;;;;;;;;;;;;x
ETH_prussian_constitutionalism;Impero Abissino;Abyssinian Empire;Abyssinian Empire;;;;;;;;;;;x
EZO_democracy;Repubblica di Ezo;;;;;;;;;;;;;x
EZO_fascist_dictatorship;Shogunato;;;;;;;;;;;;;x
EZO_presidential_dictatorship;Repubblica di Ezo;;;;;;;;;;;;;x
EZO_proletarian_dictatorship;Repubblica Popolare di Ezo;;;;;;;;;;;;;x
FIN_absolute_monarchy;Regno di Finlandia;;;;;;;;;;;;;x
FIN_rus_colonial_company;Granducato di Finlandia;;;;;;;;;;;;;x
FIN_dominon;Granducato di Finland;;;;;;;;;;;;;x
FIN_hms_government;Regno di Finlandia;;;;;;;;;;;;;x
FIN_proletarian_dictatorship;Finlandia Rossa;;;;;;;;;;;;;x
FIN_prussian_constitutionalism;Regno di Finlandia;;;;;;;;;;;;;x
FIU_bourgeois_dictatorship;Carnaro;;;;;;;;;;;;;x
FIU_democracy;Stato Libero di Fiume;ùtat libre de Fiume;Freistaat Fiume;;;;;;;;;;;x
FIU_fascist_dictatorship;Carnaro;;;;;;;;;;;;;x
FIU_presidential_dictatorship;Carnaro;;;;;;;;;;;;;x
FJN_fascist_dictatorship;Repubblica Min;;;;;;;;;;;;;x
FJN_presidential_dictatorship;Cricca del Fujian;;;;;;;;;;;;;x
FRA_absolute_monarchy;Impero Francese;;;;;;;;;;;;;x
FRA_absolute_monarchy2;Regno di Francia;;;;;;;;;;;;;x
FRA_bourgeois_dictatorship;Repubblica Francese;;;;;;;;;;;;;x
FRA_democracy;Repubblica Francese;;;;;;;;;;;;;x
FRA_fascist_dictatorship;Stato Francese;;;;;;;;;;;;;x
FRA_hms_government;Impero Francese;;;;;;;;;;;;;x
FRA_hms_government2;Regno di Francia;;;;;;;;;;;;;x
FRA_presidential_dictatorship;Repubblica Francese;;;;;;;;;;;;;x
FRA_proletarian_dictatorship;Comune di Francia;;;;;;;;;;;;;x
FRA_prussian_constitutionalism;Impero Francese;;;;;;;;;;;;;x
FRA_prussian_constitutionalism2;Regno di Francia;;;;;;;;;;;;;x
FLA_eng_colonial_company;Stato Libero di Anversa;;;;;;;;;;;;;x
FRM_absolute_monarchy;Ducato di Francoforte;;;;;;;;;;;;;x
FRM_ger_colonial_company;Circondario di Francoforte;;;;;;;;;;;;;x
FRM_democracy;Citt‡ Libera di Francoforte;;;;;;;;;;;;;x
FRM_ger_dominion;Circondario di Francoforte;;;;;;;;;;;;;x
FRM_fascist_dictatorship;Reich Francofortese;;;;;;;;;;;;;x
FRM_federal_democracy;Citt‡ Libera di Francoforte;;;;;;;;;;;;;x
FRM_hms_government;Ducato di Francoforte;;;;;;;;;;;;;x
FRM_parliamentary_republic;Citt‡ Libera di Francoforte;;;;;;;;;;;;;x
FRM_proletarian_dictatorship;Comune di Francoforte;;;;;;;;;;;;;x
FRM_prussian_constitutionalism;Ducato di Francoforte;;;;;;;;;;;;x
FSA_absolute_monarchy;Impero Libero Americano;;;;;;;;;;;;;x
FSA_proletarian_dictatorship;Repubblica Libera Americana;;;;;;;;;;;;;x
FSA_prussian_constitutionalism;Impero Libero Americano;;;;;;;;;;;;;x
GAZ_absolute_monarchy;Impero di Gaza;;;;;;;;;;;;;x
GBU_absolute_monarchy;Impero Kaabu;;;;;;;;;;;;;x
GBU_democracy;Guinea-Bissau;;;;;;;;;;;;;x
GCF_absolute_monarchy;Confederazione Tedesca;;;;;;;;;;;;;x
GCF_fascist_dictatorship;Reich Tedesco;;;;;;;;;;;;;x
GCF_hms_government;Confederazione Tedesca;;;;;;;;;;;;;x
GCF_proletarian_dictatorship;Repubblica Popolare Tedesca;Der Deutsch Volksrepublik;Der Deutsch Volksrepublik;;;;;;;;;;;x
GCF_prussian_constitutionalism;Confederazione Tedesca;;;;;;;;;;;;;x
GCO_absolute_monarchy;Nuova Granada;;;;;;;;;;;;;x
GCO_hms_government;Nuova Granada;;;;;;;;;;;;x
GCO_prussian_constitutionalism;Nuova Granada;;;;;;;;;;;;;x
GCO_spa_colonial_company;Vicereame della Nuova Granada;;;;;;;;;;;;;x
GEN_absolute_monarchy;Genova;;;;;;;;;;;;;x
GEN_democracy;Genova;;;;;;;;;;;;;x
GEN_fascist_dictatorship;Genova;;;;;;;;;;;;;x
GEN_hms_government;Genova;;;;;;;;;;;;;x
GEN_presidential_dictatorship;Repubblica Ligure;;;;;;;;;;;;;x
GEN_proletarian_dictatorship;Genova;;;;;;;;;;;;;x
GEN_prussian_constitutionalism;Genova;;;;;;;;;;;;;x
GER_absolute_monarchy;Impero Tedesco;Empire allemand;Deutsches Kaiserreich;;;;;;;;;;;x
GER_bourgeois_dictatorship;Gran Repubblica Tedesca;Empire allemand;Deutsches Kaiserreich;;;;;;;;;;;x
GER_democracy;Repubblica Tedesca;Empire allemand;Deutsches Kaiserreich;;;;;;;;;;;x
GER_hms_government;Impero Tedesco;Empire allemand;Deutsches Kaiserreich;;;;;;;;;;;x
GER_prussian_constitutionalism;Impero Tedesco;Empire allemand;Deutsches Kaiserreich;;;;;;;;;;;x
GNG_presidential_dictatorship;Cricca del Guangdong;;;;;;;;;;;;;x
GRN_absolute_monarchy;Contea di Groenlandia;;;;;;;;;;;;x
GRN_colonial_company;Dipartimento Commerciale Reale della Groenlandia;;;;;;;;;;;;;x
GRN_democracy;Kalaallit Nunaat;;;;;;;;;;;;;x
GRN_eng_dominion;Colonia della Groenlandia;;;;;;;;;;;;;x
GRN_federal_democracy;Kalaallit Nunaat;;;;;;;;;;;;;x
GRN_hms_government;Contea della Groenlandia;;;;;;;;;;;;;x
GRN_prussian_constitutionalism;Contea della Groenlandia;;;;;;;;;;;;;x
GUA_spa_colonial_company;Capitanato Generale del Guatemala;;;;;;;;;;;;;x
GUA_democracy;Repubblica del Guatemala;;;;;;;;;;;;;x
GUA_federal_democracy;Repubblica del Guatemala;;;;;;;;;;;;;x
GXI_presidential_dictatorship;Cricca del Guangxi;Clique de Guangxi;Guangxi-Clique;;;;;;;;;;;x
HAI_absolute_monarchy;Impero di Haiti;;;;;;;;;;;;;x
HAI_fra_colonial_company;Colonia di Santo Domingo;;;;;;;;;;;;;x
HAI_democracy;Repubblica di Haiti;;;;;;;;;;;;;x
HAI_eng_dominion;Colonia di Santo Domingo;;;;;;;;;;;;;x
HAI_federal_democracy;Stato di Haiti;;;;;;;;;;;;;x
HAI_hms_government;Regno di Haiti;;;;;;;;;;;;;x
HAI_presidential_dictatorship;Repubblica di Haiti;;;;;;;;;;;;;x
HAI_prussian_constitutionalism;Regno di Haiti;;;;;;;;;;;;;x
HAL_absolute_monarchy;Emirato del Jebel Shammar;;;;;;;;;;;;;x
HAL_hms_government;Emirato del Jebel Shammar;;;;;;;;;;;;;x
HAL_prussian_constitutionalism;Emirato del Jebel Shammar;;;;;;;;;;;;;x
HAM_absolute_monarchy;Ducato di Amburgo;;;;;;;;;;;;;x
HAM_ger_colonial_company;Circondario di Amburgo;;;;;;;;;;;;;x
HAM_democracy;Citt‡ Libera Anseatica di Amburgo;;;;;;;;;;;;;x
HAM_ger_dominion;Circondario di Amburgo;;;;;;;;;;;;;x
HAM_fascist_dictatorship;Reich Amburghese;;;;;;;;;;;;;x
HAM_federal_democracy;Citt‡ Libera Anseatica di Amburgo;;;;;;;;;;;;;x
HAM_hms_government;Ducato di Amburgo;;;;;;;;;;;;;x
HAM_parliamentary_republic;Citt‡ Libera Anseatica di Amburgo;;;;;;;;;;;;;x
HAM_proletarian_dictatorship;Comune di Amburgo;;;;;;;;;;;;;x
HAM_prussian_constitutionalism;Ducato di Amburgo;;;;;;;;;;;;;x
HAN_absolute_monarchy;Regno di Hannover;;;;;;;;;;;;;x
HAN_eng_colonial_company;Regno di Hannover;;;;;;;;;;;;;x
HAN_democracy;Stato Libero di Hannover;;;;;;;;;;;;;x
HAN_eng_dominion;Regno di Hannover;;;;;;;;;;;;;x
HAN_fascist_dictatorship;Reich Hannoverano;;;;;;;;;;;;;x
HAN_federal_democracy;Stato Libero di Hannover;;;;;;;;;;;;;x
HAN_hms_government;Regno di Hannover;;;;;;;;;;;;;x
HAN_parliamentary_republic;Stato Libero di Hannover;;;;;;;;;;;;;x
HAN_proletarian_dictatorship;Repubblica Democratica Hannoverana;;;;;;;;;;;;;x
HAN_prussian_constitutionalism;Regno di Hannover;;;;;;;;;;;;;x
HDJ_absolute_monarchy;Regno dell'Hegiaz;;;;;;;;;;;;;x
HDJ_tur_colonial_company;Sceriffato della Mecca;;;;;;;;;;;;;x
HDJ_dominion;Sceriffato della Mecca;;;;;;;;;;;;;x
HDJ_hms_government;Regno dell'Hegiaz;;;;;;;;;;;;;x
HDJ_prussian_constitutionalism;Regno dell'Hegiaz;;;;;;;;;;;;;x
HEH_absolute_monarchy;Langraviato d'Assia-Homburg;;;;;;;;;;;;;x
HEH_ger_colonial_company;Circondario di Homburg;;;;;;;;;;;;;x
HEH_democracy;Stato Popolare di Homburg;;;;;;;;;;;;;x
HEH_ger_dominion;Circondario di Homburg;;;;;;;;;;;;;x
HEH_fascist_dictatorship;Reich Homburghese;;;;;;;;;;;;;x
HEH_federal_democracy;Stato Popolare di Homburg;;;;;;;;;;;;;x
HEH_hms_government;Langraviato d'Assia-Homburg;;;;;;;;;;;;;x
HEH_parliamentary_republic;Stato Popolare di Homburg;;;;;;;;;;;;;x
HEH_proletarian_dictatorship;Repubblica Popolare di Homburg;;;;;;;;;;;;;x
HEH_prussian_constitutionalism;Langraviato d'Assia-Homburg;;;;;;;;;;;;;x
HEK_absolute_monarchy;Elettorato d'Assia;;;;;;;;;;;;;x
HEK_ger_colonial_company;Land di Kassel;;;;;;;;;;;;;x
HEK_democracy;Stato Popolare di Kassel;;;;;;;;;;;;;x
HEK_ger_dominion;Land di Kassel;;;;;;;;;;;;;x
HEK_fascist_dictatorship;Reich Kasselese;;;;;;;;;;;;;x
HEK_federal_democracy;Stato Popolare di Kassel;;;;;;;;;;;;;x
HEK_hms_government;Elettorato d'Assia;;;;;;;;;;;;;x
HEK_parliamentary_republic;Stato Popolare di Kassel;;;;;;;;;;;;;x
HEK_proletarian_dictatorship;Repubblica Popolare di Kassel;;;;;;;;;;;;;x
HEK_prussian_constitutionalism;Elettorato d'Assia;;;;;;;;;;;;;x
HES_absolute_monarchy;Granducato d'Assia e del Reno;;;;;;;;;;;;;x
HES_ger_colonial_company;Land d'Assia;;;;;;;;;;;;;x
HES_democracy;Stato Popolare d'Assia;;;;;;;;;;;;;x
HES_ger_dominion;Land d'Assia;;;;;;;;;;;;;x
HES_fascist_dictatorship;Reich Darmstedtese;;;;;;;;;;;;;x
HES_federal_democracy;Stato Popolare d'Assia;;;;;;;;;;;;;x
HES_hms_government;Granducato d'Assia e del Reno;;;;;;;;;;;;;x
HES_parliamentary_republic;Stato Popolare d'Assia;;;;;;;;;;;;;x
HES_proletarian_dictatorship;Repubblica Popolare d'Assia;;;;;;;;;;;;;x
HES_prussian_constitutionalism;Granducato d'Assia e del Reno;;;;;;;;;;;;;x
HND_absolute_monarchy;Impero Hindustani;Hindustani Empire;Hindustani Empire;;;;;;;;;;;x
HND_absolute_monarchy_2;Compagnia delle Indie Orientali;Hindustani Empire;Hindustani Empire;;;;;;;;;;;x
HND_absolute_monarchy_3;Raj;Hindustani Empire;Hindustani Empire;;;;;;;;;;;x
HND_eng_colonial_company;Raj;;;;;;;;;;;;;x
HND_eng_dominon;Dominio dell'India;;;;;;;;;;;;;x
HND_fascist_dictatorship;Hindustan;Hindustan;Hindustan;;;;;;;;;;;x
HND_hms_government;Impero Hindustani;Hindustani Empire;Hindustani Empire;;;;;;;;;;;x
HND_hms_government_2;Compagnia delle Indie Orientali;Hindustani Empire;Hindustani Empire;;;;;;;;;;;x
HND_hms_government_3;Raj;Hindustani Empire;Hindustani Empire;;;;;;;;;;;x
HND_prussian_constitutionalism;Impero Hindustani;Hindustani Empire;Hindustani Empire;;;;;;;;;;;x
HND_prussian_constitutionalism_2;Compagnia delle Indie Orientali;Hindustani Empire;Hindustani Empire;;;;;;;;;;;x
HND_prussian_constitutionalism_3;Raj;Hindustani Empire;Hindustani Empire;;;;;;;;;;;x
HNN_presidential_dictatorship;Cricca dello Hunan;;;;;;;;;;;;;x
HNS_absolute_monarchy;Citt‡  Libere Anseatiche;;;;;;;;;;;;;x
HNS_democracy;Lega Anseatica;;;;;;;;;;;;;x
HNS_fascist_dictatorship;Stato Anseatico;;;;;;;;;;;;;x
HNS_hms_government;Citt‡ Libere Anseatiche;;;;;;;;;;;;;x
HNS_presidential_dictatorship;Lega Anseatica;;;;;;;;;;;;;x
HNS_proletarian_dictatorship;Libera Repubblica Anseatica;;;;;;;;;;;;;x
HNS_prussian_constitutionalism;Citt‡ Libere Anseatiche;;;;;;;;;;;;;x
HOH_absolute_monarchy;Principato di Hohenzollern-Hechingen;;;;;;;;;;;;;x
HOH_ger_colonial_company;Circondario di Hechingen;;;;;;;;;;;;;x
HOH_democracy;Stato Libero di Hechingen;;;;;;;;;;;;;x
HOH_ger_dominion;Circondario di Hechingen;;;;;;;;;;;;;x
HOH_fascist_dictatorship;Reich Hechinghenese;;;;;;;;;;;;;x
HOH_federal_democracy;Stato Libero di Hechingen;;;;;;;;;;;;;x
HOH_hms_government;Principato di Hohenzollern-Hechingen;;;;;;;;;;;;;x
HOH_parliamentary_republic;Stato Libero di Hechingen;;;;;;;;;;;;;x
HOH_proletarian_dictatorship;Repubblica Democratica Hechinghenese;;;;;;;;;;;;;x
HOH_prussian_constitutionalism;Principato di Hohenzollern-Hechingen;;;;;;;;;;;;;x
HOL_absolute_monarchy;Ducato di Holstein;;;;;;;;;;;;;x
HOL_colonial_company;Ducato di Holstein;;;;;;;;;;;;;x
HOL_democracy;Stato Libero di Holstein;;;;;;;;;;;;;x
HOL_dominion;Ducato di Holstein;;;;;;;;;;;;;x
HOL_fascist_dictatorship;Reich Holsteinese;;;;;;;;;;;;;x
HOL_federal_democracy;Stato Libero di Holstein;;;;;;;;;;;;;x
HOL_hms_government;Ducato di Holstein;;;;;;;;;;;;;x
HOL_parliamentary_republic;Stato Libero di Holstein;;;;;;;;;;;;;x
HOL_proletarian_dictatorship;Repubblica Democratica Holsteinese;;;;;;;;;;;;;x
HOL_prussian_constitutionalism;Ducato di Holstein;;;;;;;;;;;;;x
HON_spa_colonial_company;Intendenza di Comayagua;;;;;;;;;;;;;x
HON_democracy;Repubblica di Honduras;;;;;;;;;;;;;x
HON_federal_democracy;Repubblica di Honduras;;;;;;;;;;;;;x
HUI_presidential_dictatorship;Cricca dell'Anhui;;;;;;;;;;;;;x
IBR_absolute_monarchy;Impero Iberico;;;;;;;;;;;;;x
IBR_bourgeois_dictatorship;Unione Iberica;;;;;;;;;;;;;x
IBR_democracy;Federazione Iberica;;;;;;;;;;;;;x
IBR_fascist_dictatorship;Impero Iberico;;;;;;;;;;;;;x
IBR_hms_government;Impero Iberico;;;;;;;;;;;;;x
IBR_presidential_dictatorship;Unione Iberica;;;;;;;;;;;;;x
IBR_proletarian_dictatorship;Unione Iberica dei Lavoratori;;;;;;;;;;;;;x
IBR_prussian_constitutionalism;Impero Iberico;;;;;;;;;;;;;x
IDO_absolute_monarchy;Indocina;;;;;;;;;;;;;x
IDO_democracy;Indocina;;;;;;;;;;;;;x
IDO_fascist_dictatorship;Stati Uniti Indocinesi;;;;;;;;;;;;;x
IDO_hms_government;Indocina;;;;;;;;;;;;;x
IDO_presidential_dictatorship;Indocina;;;;;;;;;;;;;x
IDO_proletarian_dictatorship;Unione Populista Indocinese;;;;;;;;;;;;;x
IDO_prussian_constitutionalism;Indocina;;;;;;;;;;;;;x
IMG_qng_colonial_company;Mongolia Interna;;;;;;;;;;;;;x
INO_net_colonial_company;Indie Orientali;;;;;;;;;;;;;x
ION_democracy;Repubblica Settinsulare;;;;;;;;;;;;;x
IOT_absolute_monarchy;Territorio Britannico dell'Oceano Indiano;;;;;;;;;;;;;x
IOT_eng_colonial_company;Territorio Britannico dell'Oceano Indiano;;;;;;;;;;;;;x
IOT_eng_dominion;Territorio Britannico dell'Oceano Indiano;;;;;;;;;;;;;x
IOT_hms_government;Territorio Britannico dell'Oceano Indiano;;;;;;;;;;;;;x
IOT_prussian_constitutionalism;Territorio Britannico dell'Oceano Indiano;;;;;;;;;;;;;x
IRE_eng_colonial_company;Dominio Irlandese;;;;;;;;;;;;;x
IRE_eng_dominion;Stato Libero Irlandese;;;;;;;;;;;;;x
IRE_fascist_dictatorship;Irlanda;;;;;;;;;;;;;x
IRQ_absolute_monarchy;Mesopotamia;;;;;;;;;;;;;x
IRQ_hms_government;Iraq;;;;;;;;;;;;;x
IRQ_prussian_constitutionalism;Iraq;;;;;;;;;;;;;x
ITA_absolute_monarchy;Regno d'Italia;;;;;;;;;;;;;x
ITA_democracy;Repubblica Italiana;;;;;;;;;;;;;x
ITA_fascist_dictatorship;Repubblica Sociale Italiana;;;;;;;;;;;;;x
ITA_hms_government;Regno d'Italia;;;;;;;;;;;;;x
ITA_proletarian_dictatorship;Repubblica Popolare Italiana;;;;;;;;;;;;;x
ITA_prussian_constitutionalism;Regno d'Italia;;;;;;;;;;;;;x
ITA_theocracy;Regno Papale;;;;;;;;;;;;;x
ITP_absolute_monarchy;Italia Pontificia;;;;;;;;;;;;;x
ITP_democracy;Italia;;;;;;;;;;;;;x
ITP_fascist_dictatorship;Repubblica Socialista Romana;;;;;;;;;;;;;x
ITP_hms_government;Italia;;;;;;;;;;;;;x
ITP_presidential_dictatorship;Italia;;;;;;;;;;;;;x
ITP_proletarian_dictatorship;Repubblica Popolare Romana;;;;;;;;;;;;;x
ITP_prussian_constitutionalism;Confederazione Italiana;;;;;;;;;;;;;x
ITP_theocracy;Pontifical Italy;;;;;;;;;;;;;x
ITS_absolute_monarchy;Impero Italiano;;;;;;;;;;;;;x
ITS_democracy;Federazione Italiana;;;;;;;;;;;;;x
ITS_fascist_dictatorship;Stato Italiano;;;;;;;;;;;;;x
ITS_hms_government;Impero Italiano;;;;;;;;;;;;;x
ITS_proletarian_dictatorship;Unione Popolare d'Italia;;;;;;;;;;;;;x
ITS_prussian_constitutionalism;Impero Italiano;;;;;;;;;;;;;x
ITS_theocracy;Federazione Italiana;;;;;;;;;;;;;x
IVC_fra_colonial_company;Costa d'Avorio;;;;;;;;;;;;;x
IVC_fra_dominion;Costa d'Avorio;;;;;;;;;;;;;x
JAM_eng_colonial_company;Colonia della Giamaica;;;;;;;;;;;;;x
JAM_eng_dominion;Giamaica e Dipendenze;;;;;;;;;;;;;x
JAM_hms_government;Giamaica;;;;;;;;;;;;;x
JAM_parliamentary_republic;Giamaica;;;;;;;;;;;;;x
JAP_absolute_monarchy;Giappone Imperiale;;;;;;;;;;;;;x
JAP_hms_government;Impero del Giappone;;;;;;;;;;;;;x
JAP_prussian_constitutionalism;Giappone Imperiale;;;;;;;;;;;;;x
JAV_absolute_monarchy;Sultanato di Mataram;;;;;;;;;;;;;x
JAV_hms_government;Sultanato di Mataram;;;;;;;;;;;;;x
JAV_prussian_constitutionalism;Sultanato di Mataram;;;;;;;;;;;;;x
KAG_absolute_monarchy;Kaga;;;;;;;;;;;;;x
KAG_hms_government;Kaga;;;;;;;;;;;;;x
KAG_prussian_constitutionalism;Kaga;;;;;;;;;;;;;x
KAM_bourgeois_dictatorship;Repubblica dell'Estremo Oriente;;;;;;;;;;;;;x
KAM_presidential_dictatorship;Repubblica dell'Estremo Oriente;;;;;;;;;;;;;x
KAM_proletarian_dictatorship;Repubblica dell'Estremo Oriente;;;;;;;;;;;;;x
KAZ_absolute_monarchy;Grande Zhuz;;;;;;;;;;;;;x
KBO_absolute_monarchy;Impero Bornu;;;;;;;;;;;;;x
KBO_hms_government;Bornu;;;;;;;;;;;;;x
KBO_prussian_constitutionalism;Impero Bornu;;;;;;;;;;;;;x
KHI_absolute_monarchy;Khiva;;;;;;;;;;;;;x
KHI_bourgeois_dictatorship;Corasmia;;;;;;;;;;;;;x
KHI_democracy;Corasmia;;;;;;;;;;;;;x
KHI_fascist_dictatorship;Corasmia;;;;;;;;;;;;;x
KHI_presidential_dictatorship;Corasmia;;;;;;;;;;;;;x
KHI_proletarian_dictatorship;Corasmia;;;;;;;;;;;;;x
KHR_absolute_monarchy;Khorasan;Khorasan;Khorasan;;;;;;;;;;;x
KHR_bourgeois_dictatorship;Repubblica del Khorasan;Khorasan Republic;Khorasan Republic;;;;;;;;;;;x
KHR_democracy;Khorasan;Khorasan;Khorasan;;;;;;;;;;;x
KHR_fascist_dictatorship;Stato Khorasani;Khorasani State;Khorasani State;;;;;;;;;;;x
KHR_hms_government;Khorasan;Khorasan;Khorasan;;;;;;;;;;;x
KHR_presidential_dictatorship;Repubblica del Khorasan;Khorasan Republic;Khorasan Republic;;;;;;;;;;;x
KHR_proletarian_dictatorship;Repubblica del Khorasan;Khorasan Republic;Khorasan Republic;;;;;;;;;;;x
KHR_prussian_constitutionalism;Khorasan;Khorasan;Khorasan;;;;;;;;;;;x
KHZ_absolute_monarchy;Arabistan;Arabistan;Arabistan;;;;;;;;;;;x
KHZ_bourgeois_dictatorship;Arabistan;Arabistan;Arabistan;;;;;;;;;;;x
KHZ_democracy;Arabistan;Arabistan;Arabistan;;;;;;;;;;;x
KHZ_fascist_dictatorship;Arabistan;Arabistan;Arabistan;;;;;;;;;;;x
KHZ_hms_government;Arabistan;Arabistan;Arabistan;;;;;;;;;;;x
KHZ_presidential_dictatorship;Arabistan;Arabistan;Arabistan;;;;;;;;;;;x
KHZ_proletarian_dictatorship;Arabistan;Arabistan;Arabistan;;;;;;;;;;;x
KHZ_prussian_constitutionalism;Arabistan;Arabistan;Arabistan;;;;;;;;;;;x
KLM_absolute_monarchy;Banjar;;;;;;;;;;;;;x
KLM_hms_government;Banjar;;;;;;;;;;;;;x
KLM_prussian_constitutionalism;Banjar;;;;;;;;;;;;;x
KMK_fascist_dictatorship;Khanato Calmucco;;;;;;;;;;;;;x
KMK_proletarian_dictatorship;Repubblica Calmucca;;;;;;;;;;;;;x
KML_bourgeois_dictatorship;Kumul;;;;;;;;;;;;;x
KML_democracy;Repubblica di Kumul;;;;;;;;;;;;;x
KML_proletarian_dictatorship;Repubblica Popolare di Kumul;;;;;;;;;;;;;x
KMT_absolute_monarchy;Cina;;;;;;;;;;;;;x
KMT_democracy;Repubblica di Cina;;;;;;;;;;;;;x
KMT_fascist_dictatorship;Alleanza di Protezione Nazionale;;;;;;;;;;;;;x
KMT_presidential_dictatorship;Repubblica di Cina;;;;;;;;;;;;;x
KMT_proletarian_dictatorship;Repubblica Socialista di Cina;;;;;;;;;;;;;x
KNY_eng_colonial_company;Africa Orientale;;;;;;;;;;;;;x
KNY_eng_dominion;Dominio dell'Africa Orientale;;;;;;;;;;;;;x
KOK_absolute_monarchy;Kokand;;;;;;;;;;;;;x
KOK_bourgeois_dictatorship;Kirghizia;;;;;;;;;;;;;x
KOK_democracy;Kirghizistan;;;;;;;;;;;;;x
KOK_fascist_dictatorship;Kirghizia;;;;;;;;;;;;;x
KOK_presidential_dictatorship;Kirghizistan;;;;;;;;;;;;;x
KOK_proletarian_dictatorship;Kirghizia;;;;;;;;;;;;;x
KOR_absolute_monarchy;Regno di Joseon;;;;;;;;;;;;;x
KOR_colonial_company;Chosen;;;;;;;;;;;;;x
KOR_democracy;Repubblica di Corea;;;;;;;;;;;;;x
KOR_dominion;Chosen;;;;;;;;;;;;;x
KOR_proletarian_dictatorship;RDPC;;;;;;;;;;;;;x
KPB_absolute_monarchy;Regno di Portogallo e Brasile;Kingdom of Portugal-Brazil;Kingdom of Portugal-Brazil;;;;;;;;;;;x
KPB_bourgeois_dictatorship;Repubblica della Lusitania;Republic of Lusitania;Republic of Lusitania;;;;;;;;;;;x
KPB_democracy;Repubblica della Lusitania;Republic of Lusitania;Republic of Lusitania;;;;;;;;;;;x
KPB_fascist_dictatorship;Grande Unione Lusitana;Great Luso Union;Great Luso Union;;;;;;;;;;;x
KPB_hms_government;Regno di Portogallo e Brasile;Kingdom of Portugal-Brazil;Kingdom of Portugal-Brazil;;;;;;;;;;;x
KPB_presidential_dictatorship;Repubblica della Lusitania;Republic of Lusitania;Republic of Lusitania;;;;;;;;;;;x
KPB_proletarian_dictatorship;Unione Socialista di Portogallo e Brasile;Socialist Union of Portugal-Brazil;Socialist Union of Portugal-Brazil;;;;;;;;;;;x
KPB_prussian_constitutionalism;Regno di Portogallo e Brasile;Kingdom of Portugal-Brazil;Kingdom of Portugal-Brazil;;;;;;;;;;;x
KRN_bourgeois_dictatorship;Tamil Nadu;;;;;;;;;;;;;x
KRN_democracy;Tamil Nadu;;;;;;;;;;;;;x
KRN_fascist_dictatorship;Tamil Nadu;;;;;;;;;;;;;x
KRN_proletarian_dictatorship;Repubblica dei Carnatici;;;;;;;;;;;;;x
KRO_absolute_monarchy;Regno di Kronprinz;;;;;;;;;;;;;x
KRO_bourgeois_dictatorship;Repubblica Kronprinzlense;;;;;;;;;;;;;x
KRO_ger_colonial_company;Colonia di Kronprinzinsel;;;;;;;;;;;;;x
KRO_democracy;Repubblica Kronprinzlense;;;;;;;;;;;;;x
KRO_ger_dominion;Colonia di Kronprinzinsel;;;;;;;;;;;;;x
KRO_fascist_dictatorship;Reich Kronprinzlense;;;;;;;;;;;;;x
KRO_hms_government;Regno di Kronprinz;;;;;;;;;;;;;x
KRO_proletarian_dictatorship;Repubblica Popolare Kronprinzlense;;;;;;;;;;;;;x
KRO_prussian_constitutionalism;Regno di Kronprinz;;;;;;;;;;;;;x
KUK_democracy;Confederazione Austroungarica;;;;;;;;;;;;;x
LAU_absolute_monarchy;Ducato di Sassonia-Lauenburg;;;;;;;;;;;;;x
LAU_colonial_company;Ducato di Sassonia-Lauenburg;;;;;;;;;;;;;x
LAU_democracy;Stato Libero di Lauenburg;;;;;;;;;;;;;x
LAU_dominion;Ducato di Sassonia-Lauenburg;;;;;;;;;;;;;x
LAU_fascist_dictatorship;Reich Lauenburghese;;;;;;;;;;;;;x
LAU_federal_democracy;Stato Libero di Lauenburg;;;;;;;;;;;;;x
LAU_hms_government;Ducato di Sassonia-Lauenburg;;;;;;;;;;;;;x
LAU_parliamentary_republic;Stato Libero di Lauenburg;;;;;;;;;;;;;x
LAU_proletarian_dictatorship;Repubblica Democratia Lauenburghese;;;;;;;;;;;;;x
LAU_prussian_constitutionalism;Ducato di Sassonia-Lauenburg;;;;;;;;;;;;;x
LBG_absolute_monarchy;Ducato di Limburgo;;;;;;;;;;;;;x
LBG_net_colonial_company;Ducato di Limburgo;;;;;;;;;;;;;x
LBG_democracy;Repubblica di Limburgo;;;;;;;;;;;;;x
LBG_net_dominion;Ducato di Limburgo;;;;;;;;;;;;;x
LBG_fascist_dictatorship;Rijk Limburghese;;;;;;;;;;;;;x
LBG_federal_democracy;Repubblica di Limburgo;;;;;;;;;;;;;x
LBG_hms_government;Ducato di Limburgo;;;;;;;;;;;;;x
LBG_parliamentary_republic;Repubblica di Limburgo;;;;;;;;;;;;;x
LBG_proletarian_dictatorship;Repubblica Democratica di Limburgo;;;;;;;;;;;;;x
LBG_prussian_constitutionalism;Ducato di Limburgo;;;;;;;;;;;;;x
LBY_colonial_company;Libia;;;;;;;;;;;;;x
LEG_absolute_monarchy;Tientsin;;;;;;;;;;;;;x
LEG_colonial_company;Concessione di Tientsin;;;;;;;;;;;;;x
LEG_democracy;Citt‡ della Legazione;;;;;;;;;;;;;x
LEG_dominion;Concessione di Tientsin;;;;;;;;;;;;;x
LEG_hms_government;Oriente;;;;;;;;;;;;;x
LEG_presidential_dictatorship;Citt‡ della Legazione;;;;;;;;;;;;;x
LIB_colonial_company;Societ‡ di Colonizzazione Americana;;;;;;;;;;;;;x
LIE_absolute_monarchy;Principato del Liechtenstein;;;;;;;;;;;;;x
LIE_ger_colonial_company;Circondario del Liechtenstein;;;;;;;;;;;;;x
LIE_democracy;Repubblica del Liechtenstein;;;;;;;;;;;;;x
LIE_ger_dominion;Circondario del Liechtenstein;;;;;;;;;;;;;x
LIE_fascist_dictatorship;Reich Liechtensteinese;;;;;;;;;;;;;x
LIE_federal_democracy;Repubblica del Liechtenstein;;;;;;;;;;;;;x
LIE_hms_government;Principato del Liechtenstein;;;;;;;;;;;;;x
LIE_parliamentary_republic;Repubblica del Liechtenstein;;;;;;;;;;;;;x
LIE_proletarian_dictatorship;Repubblica Sovietica del Liechtenstein;;;;;;;;;;;;;x
LIE_prussian_constitutionalism;Principato del Liechtenstein;;;;;;;;;;;;;x
LIP_absolute_monarchy;Principato di Lippe;;;;;;;;;;;;;x
LIP_ger_colonial_company;Gau di Lippe;;;;;;;;;;;;;x
LIP_democracy;Stato Libero di Lippe;;;;;;;;;;;;;x
LIP_ger_dominion;Gau di Lippe;;;;;;;;;;;;;x
LIP_fascist_dictatorship;Reich Detmoldese;;;;;;;;;;;;;x
LIP_federal_democracy;Stato Libero di Lippe;;;;;;;;;;;;;x
LIP_hms_government;Principato di Lippe;;;;;;;;;;;;;x
LIP_parliamentary_republic;Stato Libero di Lippe;;;;;;;;;;;;;x
LIP_proletarian_dictatorship;Repubblica Democratica Detmoldese;;;;;;;;;;;;;x
LIP_prussian_constitutionalism;Principato di Lippe;;;;;;;;;;;;;x
LIV_rus_colonial_company;Governatorato di Livonia;;;;;;;;;;;;;x
LIV_rus_dominion;Governatorato di Livonia;;;;;;;;;;;;;x
LIV_hms_government;Granducato di Livonia;;;;;;;;;;;;;x
LIV_prussian_constitutionalism;Granducato di Livonia;;;;;;;;;;;;;x
LIV_absolute_monarchy;Granducato di Livonia;;;;;;;;;;;;;x
LOM_colonial_company;Lombardo-Veneto;;;;;;;;;;;;;x
LOM_democracy;Governo Provvisorio di Milano;;;;;;;;;;;;;x
LOM_dominion;Lombardo-Veneto;;;;;;;;;;;;;x
LOM_presidential_dictatorship;Governo Provvisorio di Milano;;;;;;;;;;;;;x
LOR_fascist_dictatorship;Lotaringia;;;;;;;;;;;;;x
LOS_spa_colonial_company;Corregimiento di Quezaltenango;;;;;;;;;;;;;x
LOS_democracy;Stato di Los Altos;;;;;;;;;;;;;x
LOS_federal_democracy;Stato di Los Altos;;;;;;;;;;;;;x
LPL_spa_colonial_company;Vicereame del Rio della Plata;;;;;;;;;;;;;x
LSK_rus_colonial_company;Compagnia Americana;;;;;;;;;;;;;x
LSK_democracy;Repubblica d'Alaska;;;;;;;;;;;;;x
LSK_eng_dominion;Confederazione d'Alaska;;;;;;;;;;;;;x
LSK_federal_democracy;Repubblica d'Alaska;;;;;;;;;;;;;x
LUB_absolute_monarchy;Ducato di Lubecca;;;;;;;;;;;;;x
LUB_ger_colonial_company;Circondario di Lippe;;;;;;;;;;;;;x
LUB_democracy;Citt‡ Libera Anseatica di Lubecca;;;;;;;;;;;;;x
LUB_ger_dominion;Circondario di Lippe;;;;;;;;;;;;;x
LUB_fascist_dictatorship;Reich Lubecchese;;;;;;;;;;;;;x
LUB_federal_democracy;Citt‡ Libera Anseatica di Lubecca;;;;;;;;;;;;;x
LUB_hms_government;Ducato di Lubecca;;;;;;;;;;;;;x
LUB_parliamentary_republic;Citt‡ Libera Anseatica di Lubecca;;;;;;;;;;;;;x
LUB_proletarian_dictatorship;Comune di Lubecca;;;;;;;;;;;;;x
LUB_prussian_constitutionalism;Ducato di Lubecca;;;;;;;;;;;;;x
LUX_absolute_monarchy;Granducato di Lussemburgo;;;;;;;;;;;;;x
LUX_net_colonial_company;Granducato di Lussemburgo;;;;;;;;;;;;;x
LUX_democracy;Stato Libero di Lussemburgo;;;;;;;;;;;;;x
LUX_net_dominion;Granducato di Lussemburgo;;;;;;;;;;;;;x
LUX_fascist_dictatorship;Reich Lussemburghese;;;;;;;;;;;;;x
LUX_federal_democracy;Stato Libero di Lussemburgo;;;;;;;;;;;;;x
LUX_hms_government;Granducato di Lussemburgo;;;;;;;;;;;;;x
LUX_parliamentary_republic;Stato Libero di Lussemburgo;;;;;;;;;;;;;x
LUX_proletarian_dictatorship;Comune di Lussemburgo;;;;;;;;;;;;;x
LUX_prussian_constitutionalism;Granducato di Lussemburgo;;;;;;;;;;;;;x
LXA_absolute_monarchy;Lan Xang;;;;;;;;;;;;;x
LXA_democracy;Laos;;;;;;;;;;;;;x
LXA_proletarian_dictatorship;Repubblica Popolare di Lao;;;;;;;;;;;;;x
MAD_absolute_monarchy;Imerina;;;;;;;;;;;;;x
MAD_fra_colonial_company;Protettorato del Madagascar;;;;;;;;;;;;;x
MAD_prussian_constitutionalism;Imerina;;;;;;;;;;;;;x
MAF_absolute_monarchy;Stato Libero di Mittelafrika;;;;;;;;;;;;;x
MAF_ger_colonial_company;Stato Libero di Mittelafrika;;;;;;;;;;;;;x
MAF_democracy;Federazione Centrafricana;;;;;;;;;;;;;x
MAF_ger_dominion;Stato Libero di Mittelafrika;;;;;;;;;;;;;x
MAF_hms_government;Stato Libero di Mittelafrika;;;;;;;;;;;;;x
MAF_prussian_constitutionalism;Stato Libero di Mittelafrika;;;;;;;;;;;;;x
MAL_absolute_monarchy;Sultanato di Tidore;;;;;;;;;;;;;x
MAL_hms_government;Sultanato di Tidore;;;;;;;;;;;;;x
MAL_prussian_constitutionalism;Sultanato di Tidore;;;;;;;;;;;;;x
MAN_absolute_monarchy;Nuovo Regno di York;;;;;;;;;;;;;x
MAN_bourgeois_dictatorship;Serenissima Repubblica di New York e Long Island;;;;;;;;;;;;;x
MAN_fascist_dictatorship;Stato di New York;;;;;;;;;;;;;x
MAN_hms_government;Nuovo Regno di York;;;;;;;;;;;;;x
MAN_presidential_dictatorship;New York;;;;;;;;;;;;;x
MAN_proletarian_dictatorship;Comune di Manhattan;;;;;;;;;;;;;x
MAN_prussian_constitutionalism;Nuovo Regno di York;;;;;;;;;;;;;x
MAS_absolute_monarchy;Impero Massina;;;;;;;;;;;;;x
MAT_absolute_monarchy;Regno Ndebele;Matabele;Matabele;;;;;;;;;;;x
MYA_absolute_monarchy;Impero Maya;;;;;;;;;;;;;x
MYA_democracy;Itza Maya;;;;;;;;;;;;;x
MYA_federal_democracy;Itza Maya;;;;;;;;;;;;;x
MYA_hms_government;Impero Maya;;;;;;;;;;;;;x
MYA_prussian_constitutionalism;Impero Maya;;;;;;;;;;;;;x
MYA_theocracy;Stato della Croce;;;;;;;;;;;;;x
MCK_absolute_monarchy;Manciuria;Manchukuo;Manchukuo;;;;;;;;;;;x
MCK_qng_colonial_company;Guandong;;;;;;;;;;;;;x
MCK_fascist_dictatorship;ManciukuÚ;Manchukuo;Manchukuo;;;;;;;;;;;x
MCK_hms_government;Manciuria;Manchukuo;Manchukuo;;;;;;;;;;;x
MCK_presidential_dictatorship;Cricca del Fengtian;;;;;;;;;;;;;x
MCK_prussian_constitutionalism;Manciuria;Manchukuo;Manchukuo;;;;;;;;;;;x
MEC_absolute_monarchy;Granducato di Meclemburgo-Schwerin;;;;;;;;;;;;;x
MEC_ger_colonial_company;Land di Meclemburgo;;;;;;;;;;;;;x
MEC_democracy;Stato Libero di Meclemburgo-Schwerin;;;;;;;;;;;;;x
MEC_ger_dominion;Land di Meclemburgo;;;;;;;;;;;;;x
MEC_fascist_dictatorship;Reich Meclemburghese;;;;;;;;;;;;;x
MEC_federal_democracy;Stato Libero di Meclemburgo-Schwerin;;;;;;;;;;;;;x
MEC_hms_government;Granducato di Meclemburgo-Schwerin;;;;;;;;;;;;;x
MEC_parliamentary_republic;Stato Libero di Meclemburgo-Schwerin;;;;;;;;;;;;;x
MEC_proletarian_dictatorship;Repubblica Democratica Meclemburghese;;;;;;;;;;;;;x
MEC_prussian_constitutionalism;Granducato di Meclemburgo-Schwerin;;;;;;;;;;;;;x
MEI_absolute_monarchy;Ducato di Sassonia-Meiningen;;;;;;;;;;;;;x
MEI_ger_colonial_company;Gau di Meiningen;;;;;;;;;;;;;x
MEI_democracy;Stato Libero di Sassonia-Meiningen;;;;;;;;;;;;;x
MEI_ger_dominion;Gau di Meiningen;;;;;;;;;;;;;x
MEI_fascist_dictatorship;Reich Meiningenese;;;;;;;;;;;;;x
MEI_federal_democracy;Stato Libero di Sassonia-Meiningen;;;;;;;;;;;;;x
MEI_hms_government;Ducato di Sassonia-Meiningen;;;;;;;;;;;;;x
MEI_parliamentary_republic;Stato Libero di Sassonia-Meiningen;;;;;;;;;;;;;x
MEI_proletarian_dictatorship;Repubblica Democratica Meiningenese;;;;;;;;;;;;;x
MEI_prussian_constitutionalism;Ducato di Sassonia-Meiningen;;;;;;;;;;;;;x
MEX_absolute_monarchy;Impero Messicano;;;;;;;;;;;;;x
MEX_spa_colonial_company;Vicereame della Nuova Spagna;;;;;;;;;;;;;x
MEX_democracy;Repubblica Messicana;;;;;;;;;;;;;x
MEX_dominion;Regno del Messico;;;;;;;;;;;;;x
MEX_federal_democracy;Stati Uniti Messicani;;;;;;;;;;;;;x
MEX_hms_government;Impero Messicano;;;;;;;;;;;;;x
MEX_presidential_dictatorship;Repubblica Messicana;;;;;;;;;;;;;x
MEX_prussian_constitutionalism;Impero Messicano;;;;;;;;;;;;;x
MGL_qng_colonial_company;Mongolia Esterna;;;;;;;;;;;;;x
MGL_proletarian_dictatorship;Repubblica Popolare Mongola;;;;;;;;;;;;;x
MGL_theocracy;Khanato Bogd;;;;;;;;;;;;;x
MLI_absolute_monarchy;Impero Mali;;;;;;;;;;;;;x
MLI_fra_colonial_company;Sudan Francese;;;;;;;;;;;;;x
MLI_fra_dominion;Sudan Francese;;;;;;;;;;;;;x
MLI_hms_government;Impero Mali;;;;;;;;;;;;;x
MLI_proletarian_dictatorship;Mali;;;;;;;;;;;;;x
MLI_prussian_constitutionalism;Impero Mali;;;;;;;;;;;;;x
MLW_absolute_monarchy;Nyasaland;;;;;;;;;;;;;x
MLW_eng_colonial_company;Nyasaland;;;;;;;;;;;;;x
MLW_eng_dominion;Nyasaland;;;;;;;;;;;;;x
MLW_hms_government;Nyasaland;;;;;;;;;;;;;x
MLW_prussian_constitutionalism;Nyasaland;;;;;;;;;;;;;x
MLY_absolute_monarchy;Malesia;;;;;;;;;;;;;x
MLY_eng_colonial_company;Unione Malese;;;;;;;;;;;;;x
MLY_dominon;Unione Malese;;;;;;;;;;;;;x
MLY_hms_government;Federazione Malese;;;;;;;;;;;;;x
MLY_prussian_constitutionalism;Malesia;;;;;;;;;;;;;x
MON_theocracy;Diocesi di Montenegro;;;;;;;;;;;;;x
MOS_bourgeois_dictatorship;Alto Volta;;;;;;;;;;;;;x
MOS_democracy;Alto Volta;;;;;;;;;;;;;x
MOS_fascist_dictatorship;Alto Volta;;;;;;;;;;;;;x
MOS_presidential_dictatorship;Alto Volta;;;;;;;;;;;;;x
MOS_proletarian_dictatorship;Alto Volta;;;;;;;;;;;;;x
MOZ_por_colonial_company;Mozambico;;;;;;;;;;;;;x
MRN_democracy;Moresnet Neutrale;;;;;;;;;;;;;x
MRN_proletarian_dictatorship;Amikejo;;;;;;;;;;;;;x
MRT_absolute_monarchy;Impero Maratha;;;;;;;;;;;;;x
MRT_democracy;Confederazione Maratha;;;;;;;;;;;;;x
MRT_proletarian_dictatorship;Repubblica Maratha;;;;;;;;;;;;;x
MRT_prussian_constitutionalism;Impero Maratha;;;;;;;;;;;;x
MRU_absolute_monarchy;Unione Marittima;;;;;;;;;;;;;x
MRU_eng_colonial_company;Dominio Marittimo;;;;;;;;;;;;;x
MRU_democracy;Repubblica Marittima;;;;;;;;;;;;;x
MRU_eng_dominion;Dominio Marittimo;;;;;;;;;;;;;x
MRU_hms_government;Unione Marittima;;;;;;;;;;;;;x
MRU_prussian_constitutionalism;Unione Marittima;;;;;;;;;;;;;x
MSC_spa_colonial_company;Florida Orientale;;;;;;;;;;;;;x
MSC_democracy;Stato di Muskogee;;;;;;;;;;;;;x
MSC_federal_democracy;Nazione Seminole;;;;;;;;;;;;;x
MSC_presidential_dictatorship;Nazione Seminole;;;;;;;;;;;;;x
MSK_absolute_monarchy;Regno dei Mosquito;;;;;;;;;;;;;x
MSK_eng_colonial_company;Costa dei Mosquito;;;;;;;;;;;;;x
MSK_eng_dominion;Riserva dei Mosquito;;;;;;;;;;;;;x
MSK_hms_government;Regno dei Mosquito;;;;;;;;;;;;;x
MSK_prussian_constitutionalism;Regno dei Mosquito;;;;;;;;;;;;;x
MST_absolute_monarchy;Granducato di Meclemburgo-Strelitz;;;;;;;;;;;;;x
MST_ger_colonial_company;Land di Meclemburgo-Strelitz;;;;;;;;;;;;;x
MST_democracy;Stato Libero di Meclemburgo-Strelitz;;;;;;;;;;;;;x
MST_ger_dominion;Land di Meclemburgo-Strelitz;;;;;;;;;;;;;x
MST_fascist_dictatorship;Reich Strelitzese;;;;;;;;;;;;;x
MST_federal_democracy;Stato Libero di Meclemburgo-Strelitz;;;;;;;;;;;;;x
MST_hms_government;Granducato di Meclemburgo-Strelitz;;;;;;;;;;;;;x
MST_parliamentary_republic;Stato Libero di Meclemburgo-Strelitz;;;;;;;;;;;;;x
MST_proletarian_dictatorship;Repubblica Democratica Strelitzese;;;;;;;;;;;;;x
MST_prussian_constitutionalism;Granducato di Meclemburgo-Strelitz;;;;;;;;;;;;;x
MTC_eng_colonial_company;Colonia di Red River;;;;;;;;;;;;;x
MTC_democracy;Repubblica di Assiniboia;;;;;;;;;;;;;x
MTC_eng_dominion;Dominio dell'Assiniboia;;;;;;;;;;;;;x
MTC_hms_government;Assiniboia;;;;;;;;;;;;;x
MTC_parliamentary_republic;Assiniboia;;;;;;;;;;;;;x
MUG_absolute_monarchy;Impero Moghul;;;;;;;;;;;;;x
MUG_eng_colonial_company;Dominio dell'India;;;;;;;;;;;;;x
MUG_eng_dominon;Dominio dell'India;;;;;;;;;;;;;x
MUG_fascist_dictatorship;Repubblica Gurkani;;;;;;;;;;;;;x
MUG_proletarian_dictatorship;Repubblica Popolare di Mughalistan;;;;;;;;;;;;;x
MUG_prussian_constitutionalism;Impero Moghul;;;;;;;;;;;;;x
NAF_absolute_monarchy;Regno di Nuova Africa;New Africa;New Africa;;;;;;;;;;;x
NAF_bourgeois_dictatorship;Repubblica di Nuova Africa;New Africa;New Africa;;;;;;;;;;;x
NAF_democracy;Repubblica di Nuova Africa;Republic of New Africa;New Africa;;;;;;;;;;;x
NAF_fascist_dictatorship;Nuovo Stato Africano;New Africa;New Africa;;;;;;;;;;;x
NAF_hms_government;Nuova Africa;Kingdom of New Africa;New Africa;;;;;;;;;;;x
NAF_presidential_dictatorship;Repubblica di Nuova Africa;New Africa;New Africa;;;;;;;;;;;x
NAF_proletarian_dictatorship;Unione Popolare di Nuova Africa;New Africa;New Africa;;;;;;;;;;;x
NAF_prussian_constitutionalism;Regno di Nuova Africa;New Africa;New Africa;;;;;;;;;;;x
NAL_eng_colonial_company;Natal;;;;;;;;;;;;;x
NAL_eng_dominion;Natal;;;;;;;;;;;;;x
NAS_absolute_monarchy;Ducato di Nassau;;;;;;;;;;;;;x
NAS_ger_colonial_company;Circondario di Meiningen;;;;;;;;;;;;;x
NAS_democracy;Stato Popolare di Nassau;;;;;;;;;;;;;x
NAS_ger_dominion;Circondario di Meiningen;;;;;;;;;;;;;x
NAS_fascist_dictatorship;Reich Nassauese;;;;;;;;;;;;;x
NAS_federal_democracy;Stato Popolare di Nassau;;;;;;;;;;;;;x
NAS_hms_government;Ducato di Nassau;;;;;;;;;;;;;x
NAS_parliamentary_republic;Stato Popolare di Nassau;;;;;;;;;;;;;x
NAS_proletarian_dictatorship;Repubblica Popolare di Nassau;;;;;;;;;;;;;x
NAS_prussian_constitutionalism;Ducato di Nassau;;;;;;;;;;;;;x
NBR_eng_colonial_company;Colonia del Nuovo Brunswick;;;;;;;;;;;;;x
NBR_eng_dominion;Dominio del Nuovo Brunswick;;;;;;;;;;;;;x
NBR_hms_governmenr;Nuovo Brunswick;;;;;;;;;;;;;x
NBR_parliamentary_republic;Nuovo Brunswick;;;;;;;;;;;;;x
NEJ_absolute_monarchy;Emirato di Najd;;;;;;;;;;;;;x
NEJ_hms_government;Emirato di Najd;;;;;;;;;;;;;x
NEJ_prussian_constitutionalism;Emirato di Najd;;;;;;;;;;;;;x
NEN_eng_dominion;Dominio della Nuova Inghilterra;;;;;;;;;;;;;x
NET_ger_colonial_company;Governo Olandese in Esilio;;;;;;;;;;;;;x
NET_dominon;Governo Olandese in Esilio;;;;;;;;;;;;;x
NEW_eng_colonial_company;Colonia di Terranova;;;;;;;;;;;;;x
NEW_democracy;Repubblica di Terranova;;;;;;;;;;;;;x
NEW_eng_dominion;Dominio della Terranova;;;;;;;;;;;;;x
NEW_hms_governmenr;Terranova;;;;;;;;;;;;;x
NEW_parliamentary_republic;Terranova;;;;;;;;;;;;;x
NGR_eng_colonial_company;Africa Occidentale;;;;;;;;;;;;;x
NGR_eng_dominion;Africa Occidentale;;;;;;;;;;;;;x
NIA_absolute_monarchy;Nianjun;;;;;;;;;;;;;x
NIC_spa_colonial_company;Intendenza di Leon;;;;;;;;;;;;;x
NIC_democracy;Repubblica di Nicaragua;;;;;;;;;;;;;x
NIC_federal_democracy;Repubblica di Nicaragua;;;;;;;;;;;;;x
NIG_absolute_monarchy;Dosso;;;;;;;;;;;;;x
NIG_hms_government;Dosso;;;;;;;;;;;;;x
NIG_prussian_constitutionalism;Dosso;;;;;;;;;;;;;x
NMB_ger_colonial_company;Africa Sud-Occidentale;;;;;;;;;;;;;x
NMB_dominon;Africa Sud-Occidentale;;;;;;;;;;;;;x
NPL_absolute_monarchy;Napoli;Naples;Naples;;;;;;;;;;;x
NPL_bourgeois_dictatorship;Napoli;Naples;Naples;;;;;;;;;;;x
NPL_democracy;Naples;Naples;Napoli;;;;;;;;;;;x
NPL_fascist_dictatorship;Napoli;Naples;Naples;;;;;;;;;;;x
NPL_hms_government;Naples;Napoli;Naples;;;;;;;;;;;x
NPL_presidential_dictatorship;Napoli;Naples;Naples;;;;;;;;;;;x
NPL_proletarian_dictatorship;Napoli;Naples;Naples;;;;;;;;;;;x
NPL_prussian_constitutionalism;Napoli;Naples;Naples;;;;;;;;;;;x
NSC_eng_colonial_company;Colonia di Nuova Scozia;;;;;;;;;;;;;x
NSC_eng_dominion;Dominio della Nuova Scozia;;;;;;;;;;;;;x
NSC_hms_governmenr;Nuova Scozia;;;;;;;;;;;;;x
NSC_parliamentary_republic;Nuova Scozia;;;;;;;;;;;;;x
NYE_absolute_monarchy;Regno Mutawakkilita;;;;;;;;;;;;;x
NYE_democracy;Repubblica Araba dello Yemen;;;;;;;;;;;;;x
NYE_hms_government;Regno Mutawakkilita;;;;;;;;;;;;;x
NYE_prussian_constitutionalism;Regno Mutawakkilita;;;;;;;;;;;;;x
NYE_theocracy;Zaydi;;;;;;;;;;;;;x
NZL_absolute_monarchy;Dominio della Nuova Zelanda;;;;;;;;;;;;;x
NZL_eng_colonial_company;Colonia di Nuova Zelanda;;;;;;;;;;;;;x
NZL_eng_dominion;Dominio della Nuova Zelanda;;;;;;;;;;;;;x
NZL_fra_colonial_company;Dominio della Nuova Zelanda;;;;;;;;;;;;;x
NZL_fra_dominion;Dominio della Nuova Zelanda;;;;;;;;;;;;;x
NZL_hms_government;Dominio della Nuova Zelanda;;;;;;;;;;;;;x
NZL_prussian_constitutionalism;Dominio della Nuova Zelanda;;;;;;;;;;;;;x
OAX_democracy;Stato Libero di Oaxaca;;;;;;;;;;;;;x
OAX_federal_democracy;Stato Libero di Oaxaca;;;;;;;;;;;;;x
OLD_absolute_monarchy;Granducato di Oldenburg;;;;;;;;;;;;;x
OLD_ger_colonial_company;Land di Oldenburg;;;;;;;;;;;;;x
OLD_democracy;Stato Libero di Oldenburg;;;;;;;;;;;;;x
OLD_ger_dominion;Land di Oldenburg;;;;;;;;;;;;;x
OLD_fascist_dictatorship;Reich Oldenburghese;;;;;;;;;;;;;x
OLD_federal_democracy;Stato Libero di Oldenburg;;;;;;;;;;;;;x
OLD_hms_government;Granducato di Oldenburg;;;;;;;;;;;;;x
OLD_parliamentary_republic;Stato Libero di Oldenburg;;;;;;;;;;;;;x
OLD_proletarian_dictatorship;Repubblica Democratica Oldenburghese;;;;;;;;;;;;;x
OLD_prussian_constitutionalism;Granducato di Oldenburg;;;;;;;;;;;;;x
OMA_absolute_monarchy;Mascate e Oman;;;;;;;;;;;;;x
OMA_hms_government;Mascate e Oman;;;;;;;;;;;;;x
OMA_prussian_constitutionalism;Mascate e Oman;;;;;;;;;;;;;x
ORI_absolute_monarchy;Kalahandi;;;;;;;;;;;;;x
PAN_absolute_monarchy;Impero Sikh;;;;;;;;;;;;;x
PAN_fascist_dictatorship;Khalistan;;;;;;;;;;;;;x
PAN_prussian_constitutionalism;Impero Sikh;;;;;;;;;;;;;x
PAP_absolute_monarchy;Impero Romano;;;;;;;;;;;;;x
PAP_bourgeois_dictatorship;Repubblica di Roma;;;;;;;;;;;;;x
PAP_democracy;Repubblica di Roma;;;;;;;;;;;;;x
PAP_fascist_dictatorship;Stato di Roma;;;;;;;;;;;;;x
PAP_hms_government;Regno di Roma;;;;;;;;;;;;;x
PAP_presidential_dictatorship;Repubblica di Roma;;;;;;;;;;;;;x
PAP_proletarian_dictatorship;Repubblica Popolare Romana;;;;;;;;;;;;;x
PAP_prussian_constitutionalism;Regno di Roma;;;;;;;;;;;;;x
PAP_theocracy;Stato della Chiesa;;;;;;;;;;;;;x
PBC_absolute_monarchy;Grande Per˘;;;;;;;;;;;;;x
PBC_democracy;Federazione Andina;;;;;;;;;;;;;x
PBC_hms_government;Per˘-Bolivia;;;;;;;;;;;;;x
PBC_presidential_dictatorship;Per˘-Bolivia;;;;;;;;;;;;;x
PBC_proletarian_dictatorship;Repubblica Popolare Andina;;;;;;;;;;;;;x
PBC_prussian_constitutionalism;Grande Per˘;;;;;;;;;;;;;x
PBC_spa_colonial_company;Vicereame del Per˘;;;;;;;;;;;;;x
PEI_eng_colonial_company;Colonia dell'Isola del Principe Edoardo;;;;;;;;;;;;;x
PEI_eng_dominion;Dominio dell'Isola del Principe Edoardo;;;;;;;;;;;;;x
PEI_hms_governmenr;Isola del Principe Edoardo;;;;;;;;;;;;;x
PEI_parliamentary_republic;Isola del Principe Edoardo;;;;;;;;;;;;;x
PER_absolute_monarchy;Persia;;;;;;;;;;;;;x
PER_bourgeois_dictatorship;Stato Libero Iraniano;;;;;;;;;;;;;x
PER_democracy;Iran;Iran;Iran;;;;;;;;;;;x
PER_fascist_dictatorship;Iran;Iran;Iran;;;;;;;;;;;x
PER_hms_government;Stato Imperiale d'Iran;;;;;;;;;;;;;x
PER_presidential_dictatorship;Iran;;;;;;;;;;;;;x
PER_proletarian_dictatorship;Repubblica Libera Iraniana;;;;;;;;;;;;;x
PER_prussian_constitutionalism;Stato Libero Iraniano;;;;;;;;;;;;;x
PEU_colonial_company;Repubblica del Per˘ Settentrionale;;;;;;;;;;;;;x
PEU_dominion;Repubblica del Per˘ Settentrionale;;;;;;;;;;;;;x
PHL_spa_colonial_company;Filippine;;;;;;;;;;;;;x
PIR_democracy;Repubblica di Piratini;;;;;;;;;;;;;x
PLC_democracy;Polonia-Lituania;;;;;;;;;;;;;x
PLC_fascist_dictatorship;Repubblica Polacco-Lituana;;;;;;;;;;;;;x
PLC_presidential_dictatorship;Repubblica Polacco-Lituana;;;;;;;;;;;;;x
PLC_proletarian_dictatorship;REpubblica Polacco-Lituana;;;;;;;;;;;;;x
PML_ger_colonial_company;Prussia Occidentale;;;;;;;;;;;;;x
PML_ger_dominion;Prussia Occidentale;;;;;;;;;;;;;x
PNJ_absolute_monarchy;Impero Sikh;;;;;;;;;;;;;x
PNJ_democracy;Impero Sikh;;;;;;;;;;;;;x
PNJ_fascist_dictatorship;Khalistan;;;;;;;;;;;;;x
PNJ_hms_government;Regno Sikh;;;;;;;;;;;;;x
PNJ_prussian_constitutionalism;Impero Sikh;;;;;;;;;;;;;x
POL_ger_colonial_company;Governatorato Generale;;;;;;;;;;;;;x
POL_ger_dominion;Governatorato Generale;;;;;;;;;;;;;x
PPG_ger_colonial_company;Nuova Guinea;;;;;;;;;;;;;x
PRI_spa_colonial_company;Capitanato Generale di Porto Rico;;;;;;;;;;;;;x
PRI_democracy;Repubblica di Porto Rico;;;;;;;;;;;;;x
PRI_eng_dominion;Confederazione di Porto Rico;;;;;;;;;;;;;x
PRI_federal_democracy;Confederazione di Porto Rico;;;;;;;;;;;;;x
PRU_absolute_monarchy;Regno di Prussia;;;;;;;;;;;;;x
PRU_ger_colonial_company;Land di Prussia;;;;;;;;;;;;;x
PRU_democracy;Stato Libero di Prussia;;;;;;;;;;;;;x
PRU_ger_dominion;Land di Prussia;;;;;;;;;;;;;x
PRU_fascist_dictatorship;Reich Prussiano;;;;;;;;;;;;;x
PRU_federal_democracy;Stato Libero di Prussia;;;;;;;;;;;;;x
PRU_hms_government;Regno di Prussia;;;;;;;;;;;;;x
PRU_parliamentary_republic;Stato Libero di Prussia;;;;;;;;;;;;;x
PRU_proletarian_dictatorship;Repubblica Democratica Prussiana;;;;;;;;;;;;;x
PRU_prussian_constitutionalism;Regno di Prussia;;;;;;;;;;;;;x
PZN_ger_colonial_company;Posen;;;;;;;;;;;;;x
PZN_ger_dominion;Posen;;;;;;;;;;;;;x
QCI_eng_colonial_company;Colonia delle Isole Regina Carlotta;;;;;;;;;;;;;x
QCI_eng_dominion;Dominio delle Isole Regina Carlotta;;;;;;;;;;;;;x
QCI_hms_government;Isole Regina Carlotta;;;;;;;;;;;;;x
QCI_parliamentary_republic;Haida Gwaii;;;;;;;;;;;;;x
QNG_absolute_monarchy;Impero Qing;;;;;;;;;;;;;x
QNG_hms_government;Impero Qing;;;;;;;;;;;;;x
QNG_prussian_constitutionalism;Impero Qing;;;;;;;;;;;;;x
QUE_eng_colonial_company;Provincia del Quebec;;;;;;;;;;;;;x
QUE_democracy;Repubblica di Quebec;;;;;;;;;;;;;x
QUE_eng_dominion;Dominio del Quebec;;;;;;;;;;;;;x
QUE_hms_government;Quebec;;;;;;;;;;;;;x
QUE_parliamentary_republic;Quebec;;;;;;;;;;;;;x
RAJ_bourgeois_dictatorship;Rajasthan;;;;;;;;;;;;;x
RAJ_eng_colonial_company;Agenzia del Rajputana;;;;;;;;;;;;;x
RAJ_democracy;Rajasthan;;;;;;;;;;;;;x
RAJ_eng_dominion;Agenzia del Rajputana;;;;;;;;;;;;;x
RAJ_fascist_dictatorship;Rajasthan;;;;;;;;;;;;;x
RAJ_proletarian_dictatorship;Rajasthan;;;;;;;;;;;;;x
REU_absolute_monarchy;Principato di Reuss-Schleiz;;;;;;;;;;;;;x
REU_ger_colonial_company;Gau di Reuss;;;;;;;;;;;;;x
REU_democracy;Stato Popolare di Reuss;;;;;;;;;;;;;x
REU_ger_dominion;Gau di Reuss;;;;;;;;;;;;;x
REU_fascist_dictatorship;Reich Reussiano;;;;;;;;;;;;;x
REU_federal_democracy;Stato Popolare di Reuss;;;;;;;;;;;;;x
REU_hms_government;Principato di Reuss Linea Cadetta;;;;;;;;;;;;;x
REU_parliamentary_republic;Stato Popolare di Reuss;;;;;;;;;;;;;x
REU_proletarian_dictatorship;Repubblica Popolare di Reuss;;;;;;;;;;;;;x
REU_prussian_constitutionalism;Principato di Reuss Linea Cadetta;;;;;;;;;;;;;x
RGR_spa_colonial_company;Nuovo Regno di Leon;;;;;;;;;;;;;x
RGR_democracy;Repubblica del Rio Grande;;;;;;;;;;;;;x
RGR_fascist_dictatorship;Rio Bravo;;;;;;;;;;;;;x
RGR_federal_democracy;Repubblica del Rio Grande;;;;;;;;;;;;;x
RGS_fascist_dictatorship;Pampa;;;;;;;;;;;;;x
RHO_absolute_monarchy;Rodesia Meridionale;RhodÈsie du sud;S¸drhodesien;;;;;;;;;;;x
RHO_eng_colonial_company;Rodesia;;;;;;;;;;;;;x
RHO_democracy;Rodesia;;;;;;;;;;;;;x
RHO_eng_dominion;Rodesia Meridionale;;;;;;;;;;;;;x
RHO_hms_government;Rodesia Meridionale;RhodÈsie du sud;S¸drhodesien;;;;;;;;;;;x
RHO_proletarian_dictatorship;Zimbabwe;Zimbabwe;Simbabwe;;;;;;;;;;;x
RLE_absolute_monarchy;Principato di Reuss, Lobenstein e Ebersdorf;;;;;;;;;;;;;x
RLE_ger_colonial_company;Circondario di Lobenstein;;;;;;;;;;;;;x
RLE_democracy;Stato Popolare di Lobenstein;;;;;;;;;;;;;x
RLE_ger_dominion;Circondario di Lobenstein;;;;;;;;;;;;;x
RLE_fascist_dictatorship;Reich Lobensteiniano;;;;;;;;;;;;;x
RLE_federal_democracy;Stato Popolare di Lobenstein;;;;;;;;;;;;;x
RLE_hms_government;Principato di Reuss, Lobenstein e Ebersdorf;;;;;;;;;;;;;x
RLE_parliamentary_republic;Stato Popolare di Lobenstein;;;;;;;;;;;;;x
RLE_proletarian_dictatorship;Comune Popolare di Lobenstein;;;;;;;;;;;;;x
RLE_prussian_constitutionalism;Principato di Reuss, Lobenstein e Ebersdorf;;;;;;;;;;;;;x
RPL_eng_colonial_company;Compagnia della Baia di Hudson;;;;;;;;;;;;;x
RPL_democracy;Assiniboia;;;;;;;;;;;;;x
RPL_eng_dominion;Territori del Nordovest;;;;;;;;;;;;;x
RPL_hms_governmenr;Territori del Nordovest;;;;;;;;;;;;;x
RPL_hms_government;Terra di Rupert;;;;;;;;;;;;;x
RPL_parliamentary_republic;Territori del Nordovest;;;;;;;;;;;;;x
RSR_absolute_monarchy;Principato di Reuss-Greiz;;;;;;;;;;;;;x
RSR_ger_colonial_company;Circondario di Greiz;;;;;;;;;;;;;x
RSR_democracy;Stato Popolare di Greiz;;;;;;;;;;;;;x
RSR_ger_dominion;Circondario di Greiz;;;;;;;;;;;;;x
RSR_fascist_dictatorship;Reich Greizese;;;;;;;;;;;;;x
RSR_federal_democracy;Stato Popolare di Greiz;;;;;;;;;;;;;x
RSR_hms_government;Principato di Reuss Linea Primogenita;;;;;;;;;;;;;x
RSR_parliamentary_republic;Stato Popolare di Greiz;;;;;;;;;;;;;x
RSR_proletarian_dictatorship;Comune Popolare di Greiz;;;;;;;;;;;;;x
RSR_prussian_constitutionalism;Principato di Reuss Linea Primogenita;;;;;;;;;;;;;x
RUS_absolute_monarchy;Impero Russo;Empire russe;Russisches Zarenreich;;;;;;;;;;;x
RUS_democracy;Repubblica Federale Russa;;;;;;;;;;;;;x
RUS_hms_government;Impero Russo;;;;;;;;;;;;;x
RUS_proletarian_dictatorship;Unione delle Repubbliche Socialiste Sovietiche;;;;;;;;;;;;;x
RUS_prussian_constitutionalism;Impero Russo;Empire russe;Russisches Zarenreich;;;;;;;;;;;x
RUT_democracy;Ucraina Occidentale;;;;;;;;;;;;;x
RUT_presidential_dictatorship;Ucraina Occidentale;;;;;;;;;;;;;x
RUT_proletarian_dictatorship;Repubblica Popolare dell'Ucraina Occidentale;;;;;;;;;;;;;x
SAF_eng_colonial_company;Colonia del Capo;;;;;;;;;;;;;x
SAF_dominon;Colonia del Capo;;;;;;;;;;;;;x
SAF_hms_government;Unione del Sudafrica;;;;;;;;;;;;;x
SAR_absolute_monarchy;Regno di Sardegna;;;;;;;;;;;;;x
SAR_hms_government;Regno di Sardegna;;;;;;;;;;;;;x
SAR_prussian_constitutionalism;Regno di Sardegna;;;;;;;;;;;;;x
SAT_absolute_monarchy;Satsuma;;;;;;;;;;;;;x
SAT_hms_government;Satsuma;;;;;;;;;;;;;x
SAT_prussian_constitutionalism;Satsuma;;;;;;;;;;;;;x
SAX_absolute_monarchy;Regno di Sassonia;;;;;;;;;;;;;x
SAX_ger_colonial_company;Land di Sassonia;;;;;;;;;;;;;x
SAX_democracy;Stato Libero di Sassonia;;;;;;;;;;;;;x
SAX_ger_dominion;Land di Sassonia;;;;;;;;;;;;;x
SAX_fascist_dictatorship;Reich Sassone;;;;;;;;;;;;;x
SAX_federal_democracy;Stato Libero di Sassonia;;;;;;;;;;;;;x
SAX_hms_government;Regno di Sassonia;;;;;;;;;;;;;x
SAX_parliamentary_republic;Stato Libero di Sassonia;;;;;;;;;;;;;x
SAX_proletarian_dictatorship;Repubblica Democratica di Sassonia;;;;;;;;;;;;;x
SAX_prussian_constitutionalism;Regno di Sassonia;;;;;;;;;;;;;x
SCA_absolute_monarchy;Unione di Kalmar;;;;;;;;;;;;;x
SCA_proletarian_dictatorship;Sfera Baltica di Co-Prosperit‡;;;;;;;;;;;;;x
SCA_prussian_constitutionalism;Unione di Kalmar;;;;;;;;;;;;;x
SCH_absolute_monarchy;Ducato di Schleswig;;;;;;;;;;;;;x
SCH_colonial_company;Ducato di Schleswig;;;;;;;;;;;;;x
SCH_democracy;Stato Libero di Schleswig;;;;;;;;;;;;;x
SCH_dominion;Ducato di Schleswig;;;;;;;;;;;;;x
SCH_fascist_dictatorship;Reich Schleswighiano;;;;;;;;;;;;;x
SCH_federal_democracy;Stato Libero Schleswig;;;;;;;;;;;;;x
SCH_hms_government;Ducato di Schleswig;;;;;;;;;;;;;x
SCH_parliamentary_republic;Stato Libero di Schleswig;;;;;;;;;;;;;x
SCH_proletarian_dictatorship;Repubblica Democratica Schleswighiana;;;;;;;;;;;;;x
SCH_prussian_constitutionalism;Ducato di Schleswig;;;;;;;;;;;;;x
SCL_absolute_monarchy;Principato di Schaumburg-Lippe;;;;;;;;;;;;;x
SCL_ger_colonial_company;Circondario di Schaumburg;;;;;;;;;;;;;x
SCL_democracy;Stato Libero di Schaumburg-Lippe;;;;;;;;;;;;;x
SCL_ger_dominion;Circondario di Schaumburg;;;;;;;;;;;;;x
SCL_fascist_dictatorship;Reich Schaumburghese;;;;;;;;;;;;;x
SCL_federal_democracy;Stato Libero di Schaumburg-Lippe;;;;;;;;;;;;;x
SCL_hms_government;Principato di Schaumburg-Lippe;;;;;;;;;;;;;x
SCL_parliamentary_republic;Stato Libero di Schaumburg-Lippe;;;;;;;;;;;;;x
SCL_proletarian_dictatorship;Rpubblica Democratica Schaumburghese;;;;;;;;;;;;;x
SCL_prussian_constitutionalism;Principato di Schaumburg-Lippe;;;;;;;;;;;;;x
SDB_democracy;Sonderbund;;;;;;;;;;;;;x
SEG_absolute_monarchy;Impero Bambara;;;;;;;;;;;;;x
SEG_hms_government;Segu;;;;;;;;;;;;;x
SEG_prussian_constitutionalism;Segu;;;;;;;;;;;;;x
SEN_absolute_monarchy;Sendai;;;;;;;;;;;;;x
SEN_hms_government;Sendai;;;;;;;;;;;;;x
SEN_prussian_constitutionalism;Sendai;;;;;;;;;;;;;x
SGM_absolute_monarchy;Principato di Hohenzollern-Sigmaringen;;;;;;;;;;;;;x
SGM_ger_colonial_company;Grau di Hohenzollern;;;;;;;;;;;;;x
SGM_democracy;Stato Libero di Hohenzollern;;;;;;;;;;;;;x
SGM_ger_dominion;Grau di Hohenzollern;;;;;;;;;;;;;x
SGM_fascist_dictatorship;Reich Hohenzollernense;;;;;;;;;;;;;x
SGM_federal_democracy;Stato Libero di Hohenzollern;;;;;;;;;;;;;x
SGM_hms_government;Principato di Hohenzollern-Sigmaringen;;;;;;;;;;;;;x
SGM_parliamentary_republic;Stato Libero di Hohenzollern;;;;;;;;;;;;;x
SGM_proletarian_dictatorship;Repubblica Democratica Hohenzollernense;;;;;;;;;;;;;x
SGM_prussian_constitutionalism;Principato di Hohenzollern-Sigmaringen;;;;;;;;;;;;;x
SGP_eng_colonial_company;Stabilimenti dello Stretto;;;;;;;;;;;;;x
SGP_eng_dominion;Stabilimenti dello Stretto;;;;;;;;;;;;;x
SHA_absolute_monarchy;Chiang Mai;;;;;;;;;;;;;x
SHK_absolute_monarchy;Regno Scilluc;;;;;;;;;;;;;x
SHK_hms_government;Regno Scilluc;;;;;;;;;;;;;x
SHK_prussian_constitutionalism;Regno Scilluc;;;;;;;;;;;;;x
SIA_absolute_monarchy;Regno Rattanakosim;;;;;;;;;;;;;x
SIA_hms_government;Regno di Siam;;;;;;;;;;;;;x
SIA_prussian_constitutionalism;Regno di Siam;;;;;;;;;;;;;x
SIB_absolute_monarchy;Siberia;;;;;;;;;;;;;x
SIB_hms_government;Siberia;;;;;;;;;;;;;x
SIB_prussian_constitutionalism;Siberia;;;;;;;;;;;;;x
SIE_ger_colonial_company;Transilvania;;;;;;;;;;;;;x
SIE_ger_dominion;Transilvania;;;;;;;;;;;;;x
SLS_ger_colonial_company;Silesia;;;;;;;;;;;;;x
SLS_ger_dominion;Silesia;;;;;;;;;;;;;x
SLW_absolute_monarchy;Bone;;;;;;;;;;;;;x
SLW_hms_government;Bone;;;;;;;;;;;;;x
SLW_prussian_constitutionalism;Bone;;;;;;;;;;;;;x
SNZ_bourgeois_dictatorship;Repubblica dell'Isola del Sud;South Island Republic;South Island Republic;;;;;;;;;;;x
SNZ_democracy;Repubblica dell'Isola del Sud;South Island Republic;South Island Republic;;;;;;;;;;;x
SNZ_fascist_dictatorship;Zelandia;Zealandia;Zealandia;;;;;;;;;;;x
SNZ_presidential_dictatorship;Repubblica dell'Isola del Sud;South Island Republic;South Island Republic;;;;;;;;;;;x
SNZ_proletarian_dictatorship;Zelandia;Zealandia;Zealandia;;;;;;;;;;;x
SOK_absolute_monarchy;Califfato del Sokoto;;;;;;;;;;;;;x
SOK_hms_government;Califfato del Sokoto;;;;;;;;;;;;;x
SOK_prussian_constitutionalism;Califfato del Sokoto;;;;;;;;;;;;;x
SOM_proletarian_dictatorship;Repubblica Democratica Somala;;;;;;;;;;;;;x
SON_spa_colonial_company;Regno di Nuova Biscaglia;;;;;;;;;;;;;x
SON_democracy;Repubblica di Sonora;;;;;;;;;;;;;x
SON_federal_democracy;Repubblica di Sonora;;;;;;;;;;;;;x
SPA_absolute_monarchy;Impero Spagnolo;;;;;;;;;;;;;x
SPA_absolute_monarchy2;Regno di Spagna;;;;;;;;;;;;;x
SPA_democracy;Repubblica Spagnola;;;;;;;;;;;;;x
SPA_fascist_dictatorship;Stato Spagnolo;;;;;;;;;;;;;x
SPA_hms_government;Impero Spagnolo;;;;;;;;;;;;;x
SPA_hms_government2;Regno di Spagna;;;;;;;;;;;;;x
SPA_presidential_dictatorship;Stato Spagnolo;;;;;;;;;;;;;x
SPA_proletarian_dictatorship;Repubblica Spagnola;;;;;;;;;;;;;x
SPA_prussian_constitutionalism;Impero Spagnolo;;;;;;;;;;;;;x
SPA_prussian_constitutionalism2;Regno di Spagna;;;;;;;;;;;;;x
SPU_colonial_company;Repubblica Sudperuviana;;;;;;;;;;;;;x
SPU_dominion;Repubblica Sudperuviana;;;;;;;;;;;;;x
SRI_absolute_monarchy;Ceylon;;;;;;;;;;;;;x
SRI_eng_colonial_company;Ceylon;;;;;;;;;;;;;x
SRI_eng_dominion;Ceylon;;;;;;;;;;;;;x
SRI_hms_government;Ceylon;;;;;;;;;;;;;x
SRI_prussian_constitutionalism;Ceylon;;;;;;;;;;;;;x
SRS_absolute_monarchy;Principato di Schwarzburg-Rudolstadt;;;;;;;;;;;;;x
SRS_ger_colonial_company;Circondario di Rudolstadt;;;;;;;;;;;;;x
SRS_democracy;Stato Libero di Schwarzburg-Rudolstadt;;;;;;;;;;;;;x
SRS_ger_dominion;Circondario di Rudolstadt;;;;;;;;;;;;;x
SRS_fascist_dictatorship;Reich Rudolstadtese;;;;;;;;;;;;;x
SRS_federal_democracy;Stato Libero di Schwarzburg-Rudolstadt;;;;;;;;;;;;;x
SRS_hms_government;Principato di Schwarzburg-Rudolstadt;;;;;;;;;;;;;x
SRS_parliamentary_republic;Stato Libero di Schwarzburg-Rudolstadt;;;;;;;;;;;;;x
SRS_proletarian_dictatorship;Repubblica Democratica di Rudolstadt;;;;;;;;;;;;;x
SRS_prussian_constitutionalism;Principato di Schwarzburg-Rudolstadt;;;;;;;;;;;;;x
STK_eng_colonial_company;Distretto di Nuova Caledonia;;;;;;;;;;;;;x
STK_democracy;Repubblica di Stikine;;;;;;;;;;;;;x
STK_eng_dominion;Territorio di Stikine;;;;;;;;;;;;;x
STK_hms_government;Stikine;;;;;;;;;;;;;x
STK_parliamentary_republic;Stikine;;;;;;;;;;;;;x
STH_rus_colonial_company;Governatorato di Estland;;;;;;;;;;;;;x
STH_rus_dominion;Governatorato di Estland;;;;;;;;;;;;;x
STH_hms_government;Granducato di Estland;;;;;;;;;;;;;x
STH_prussian_constitutionalism;Granducato di Estland;;;;;;;;;;;;;x
STH_absolute_monarchy;Granducato di Estland;;;;;;;;;;;;;x
SUA_bourgeois_dictatorship;Suaziland;;;;;;;;;;;;;x
SUA_democracy;Suaziland;;;;;;;;;;;;;x
SUA_fascist_dictatorship;eSwatini;;;;;;;;;;;;;x
SUA_presidential_dictatorship;Suaziland;;;;;;;;;;;;;x
SUA_proletarian_dictatorship;Suaziland;;;;;;;;;;;;;x
SUD_theocracy;Sudan Madhista;;;;;;;;;;;;;x
SWG_absolute_monarchy;Principato di Schwarzburg-Sondershausen;;;;;;;;;;;;;x
SWG_ger_colonial_company;Circondario di Sondershausen;;;;;;;;;;;;;x
SWG_democracy;Stato Libero di Schwarzburg-Sondershausen;;;;;;;;;;;;;x
SWG_ger_dominion;Circondario di Sondershausen;;;;;;;;;;;;;x
SWG_fascist_dictatorship;Reich Sondershauseno;;;;;;;;;;;;;x
SWG_federal_democracy;Stato Libero di Schwarzburg-Sondershausen;;;;;;;;;;;;;x
SWG_hms_government;Principato di Schwarzburg-Sondershausen;;;;;;;;;;;;;x
SWG_parliamentary_republic;Stato Libero di Schwarzburg-Sondershausen;;;;;;;;;;;;;x
SWG_proletarian_dictatorship;Repubblica Democratica Sondershausena;;;;;;;;;;;;;x
SWG_prussian_constitutionalism;Principato di Schwarzburg-Sondershausen;;;;;;;;;;;;;x
SWH_absolute_monarchy;Ducato di Schleswig-Holstein;;;;;;;;;;;;;x
SWH_colonial_company;Ducato di Schleswig-Holstein;;;;;;;;;;;;;x
SWH_democracy;Stato Libero di Schleswig-Holstein;;;;;;;;;;;;;x
SWH_dominion;Schleswig-Holstein;;;;;;;;;;;;;x
SWH_fascist_dictatorship;Reich Schleswig-Holsteinese;;;;;;;;;;;;;x
SWH_federal_democracy;Stato Libero di Schleswig-Holstein;;;;;;;;;;;;;x
SWH_hms_government;Ducato di Schleswig-Holstein;;;;;;;;;;;;;x
SWH_parliamentary_republic;Stato Libero di Schleswig-Holstein;;;;;;;;;;;;;x
SWH_proletarian_dictatorship;Repubblica Democratica Schleswig-Holsteinese;;;;;;;;;;;;;x
SWH_prussian_constitutionalism;Ducato di Schleswig-Holstein;;;;;;;;;;;;;x
SWI_democracy2;Confederazione Svizzera;;;;;;;;;;;;;x
SWK_fascist_dictatorship;Repubblica del Borneo;;;;;;;;;;;;;x
SXI_presidential_dictatorship;Cricca dello Shanxi;Clique de Shanxi;Shanxi-Clique;;;;;;;;;;;x
SYR_fra_dominion;Siria;;;;;;;;;;;;;x
SZC_presidential_dictatorship;Cricca del Sichuan;;;;;;;;;;;;;x
TAI_colonial_company;Takasago;;;;;;;;;;;;;x
TAI_dominion;Takasago;;;;;;;;;;;;;x
TAJ_absolute_monarchy;Badakhshan;;;;;;;;;;;;;x
TAJ_hms_government;Badakhshan;;;;;;;;;;;;;x
TAJ_prussian_constitutionalism;Badakhshan;;;;;;;;;;;;;x
TBS_absolute_monarchy;Tabasco;;;;;;;;;;;;;x
TBS_democracy;Stato Libero e Sovrano di Tabasco;;;;;;;;;;;;;x
TBS_fascist_dictatorship;Stato di Tabasco;;;;;;;;;;;;;x
TBS_federal_democracy;Stato Libero e Sovrano di Tabasco;;;;;;;;;;;;;x
TBS_hms_government;Tabasco;;;;;;;;;;;;;x
TBS_presidential_dictatorship;Tabasco;;;;;;;;;;;;;x
TBS_proletarian_dictatorship;Repubblica Popolare di Tabasco;;;;;;;;;;;;;x
TBS_prussian_constitutionalism;Tabasco;;;;;;;;;;;;;x
TCA_rus_colonial_company;Vicereame del Caucaso;;;;;;;;;;;;;x
TEX_spa_colonial_company;Comando Generale delle Nuove Filippine;;;;;;;;;;;;;x
TEX_democracy;Repubblica di Texas;;;;;;;;;;;;;x
TEX_federal_democracy;Repubblica di Texas;;;;;;;;;;;;;x
TEX_presidential_dictatorship;Repubblica di Texas;;;;;;;;;;;;;x
TKM_absolute_monarchy;Akhal-Tekke;;;;;;;;;;;;;x
TKM_hms_government;Confederazione Salor;;;;;;;;;;;;;x
TKM_prussian_constitutionalism;Confederazione Salor;;;;;;;;;;;;;x
TMR_absolute_monarchy;Wehali;;;;;;;;;;;;;x
TNT_absolute_monarchy;Tannu Uriankhai;;;;;;;;;;;;;x
TNT_hms_government;Tannu Uriankhai;;;;;;;;;;;;;x
TNT_prussian_constitutionalism;Tannu Uriankhai;;;;;;;;;;;;;x
TNZ_ger_colonial_company;Africa Orientale;;;;;;;;;;;;;x
TNZ_ger_dominion;Africa Orientale;;;;;;;;;;;;;x
TOS_absolute_monarchy;Tosa;;;;;;;;;;;;;x
TOS_hms_government;Tosa;;;;;;;;;;;;;x
TOS_prussian_constitutionalism;Tosa;;;;;;;;;;;;;x
TOU_bourgeois_dictatorship;Repubblica Tekrur;;;;;;;;;;;;;x
TOU_democracy;Repubblica Tekrur;;;;;;;;;;;;;x
TOU_fascist_dictatorship;Repubblica del Sahel;;;;;;;;;;;;;x
TOU_presidential_dictatorship;Repubblica Tekrur;;;;;;;;;;;;;x
TOU_proletarian_dictatorship;Repubblica Popolare del Sahel;;;;;;;;;;;;;x
TPG_bourgeois_dictatorship;Repubblica Celestiale;;;;;;;;;;;;;x
TPG_democracy;Repubblica Celestiale;;;;;;;;;;;;;x
TPG_fascist_dictatorship;Regno Celestiale;;;;;;;;;;;;;x
TPG_presidential_dictatorship;Repubblica Celestiale;;;;;;;;;;;;;x
TPG_proletarian_dictatorship;Repubblica Popolare Cinese;;;;;;;;;;;;;x
TRE_ger_colonial_company;Citt‡ Libera di Trieste;;;;;;;;;;;;;x
TRE_ger_dominion;Citt‡ Libera di Trieste;;;;;;;;;;;;;x
TRZ_absolute_monarchy;Trarza;;;;;;;;;;;;;x
TRZ_bourgeois_dictatorship;Mauritania;Mauritanie;Mauretanien;;;;;;;;;;;x
TRZ_democracy;Mauritania;Mauritanie;Mauretanien;;;;;;;;;;;x
TRZ_fascist_dictatorship;Mauritania;Mauritanie;Mauretanien;;;;;;;;;;;x
TRZ_presidential_dictatorship;Mauritania;Mauritanie;Mauretanien;;;;;;;;;;;x
TRZ_proletarian_dictatorship;Mauritania;Mauritanie;Mauretanien;;;;;;;;;;;x
TST_ger_colonial_company;Sudtirolo;;;;;;;;;;;;;x
TTB_eng_colonial_company;Colonia del Trinidad;;;;;;;;;;;;;x
TTB_eng_dominion;Trinidad e Tobago;;;;;;;;;;;;;x
TTB_hms_government;Trinidad e Tobago;;;;;;;;;;;;;x
TTB_parliamentary_republic;Repubblica di Trinidad e Tobago;;;;;;;;;;;;;x
TUN_absolute_monarchy;Tunisi;;;;;;;;;;;;;x
TUN_prussian_constitutionalism;Tunisi;;;;;;;;;;;;;x
TUR_absolute_monarchy;Impero Ottomano;;;;;;;;;;;;;x
TUR_bourgeois_dictatorship;Stato Libero Turco;;;;;;;;;;;;;x
TUR_democracy;Turchia;Turquie;T¸rkei;;;;;;;;;;;x
TUR_fascist_dictatorship;Turchia;;;;;;;;;;;;;x
TUR_hms_government;Impero Ottomano;;;;;;;;;;;;;x
TUR_presidential_dictatorship;Turchia;;;;;;;;;;;;;x
TUR_proletarian_dictatorship;Repubblica Socialista Turca;;;;;;;;;;;;;x
TUR_prussian_constitutionalism;Impero Ottomano;;;;;;;;;;;;;x
UBD_absolute_monarchy;Ducato Baltico Unito;;;;;;;;;;;;;x
UBD_rus_colonial_company;Governatorato del Baltico;;;;;;;;;;;;;x
UBD_democracy;Unione Baltica;;;;;;;;;;;;;x
UBD_dominon;Governatorato del Baltico;;;;;;;;;;;;;x
UBD_fascist_dictatorship;Stato Baltico;;;;;;;;;;;;;x
UBD_hms_government;Ducato Baltico Unito;;;;;;;;;;;;;x
UBD_presidential_dictatorship;Livonia;;;;;;;;;;;;;x
UBD_proletarian_dictatorship;Unione Baltica dei Lavoratori;;;;;;;;;;;;;x
UBD_prussian_constitutionalism;Ducato Baltico Unito;;;;;;;;;;;;;x
UCA_absolute_monarchy;Impero dell'America Centrale;Central American Empire;Central American Empire;;;;;;;;;;;x
UCA_spa_colonial_company;Vicereame della Nuova Spagna;;;;;;;;;;;;;x
UCA_hms_government;America Centrale;Central America;Central America;;;;;;;;;;;x
UCA_proletarian_dictatorship;Centroamerica;;;;;;;;;;;;;x
UCA_prussian_constitutionalism;Impero dell'America Centrale;Central American Empire;Central American Empire;;;;;;;;;;;x
UIL_absolute_monarchy;Regno di Nuova America;;;;;;;;;;;;;x
UIL_fascist_dictatorship;Nuova America;;;;;;;;;;;;;x
UIL_presidential_dictatorship;Nuova America;;;;;;;;;;;;;x
UIL_proletarian_dictatorship;Nuova Repubblica Americana;;;;;;;;;;;;;x
UIL_prussian_constitutionalism;Regno di Nuova America;;;;;;;;;;;;;x
UKY_democracy;Confederazione del Kentucky;;;;;;;;;;;;;x
UKY_dominion;Neutral Confederazione del Kentucky;;;;;;;;;;;;;x
ULA_absolute_monarchy;Dominio della Louisiana;;;;;;;;;;;;;x
ULA_bourgeois_dictatorship;Repubblica della Louisiana;;;;;;;;;;;;;x
ULA_fra_colonial_company;Louisiana;;;;;;;;;;;;;x
ULA_democracy;Louisiana;;;;;;;;;;;;;x
ULA_dominion;Territorio della Louisiana;;;;;;;;;;;;;x
ULA_fascist_dictatorship;Repubblica della Louisiana;;;;;;;;;;;;;x
ULA_hms_government;Dominio della Louisiana;;;;;;;;;;;;;x
ULA_presidential_dictatorship;Repubblica della Louisiana;;;;;;;;;;;;;x
ULA_proletarian_dictatorship;Comune della Louisiana;;;;;;;;;;;;;x
ULA_prussian_constitutionalism;Dominio della Louisiana;;;;;;;;;;;;;x
UNB_absolute_monarchy;Regno di Colorado;;;;;;;;;;;;;x
UNB_dominion;Territorio di Jefferson;;;;;;;;;;;;;x
UNB_hms_government;Confederazione del Colorado;;;;;;;;;;;;;x
UNB_prussian_constitutionalism;Regno di Colorado;;;;;;;;;;;;;x
UNM_absolute_monarchy;Nuovo Messico;;;;;;;;;;;;;x
UNM_spa_colonial_company;Florida Occidentale;;;;;;;;;;;;;x
UNM_democracy;Nazione Apache;;;;;;;;;;;;;x
UNM_dominion;Provincia della Florida Occidentale;;;;;;;;;;;;;x
UNM_federal_democracy;Apacheria;;;;;;;;;;;;;x
UNM_hms_government;Nuovo Messico;;;;;;;;;;;;;x
UNM_proletarian_dictatorship;Repubblica Popolare di Pueblo;;;;;;;;;;;;;x
UNM_prussian_constitutionalism;Nuovo Mexico;;;;;;;;;;;;;x
UNY_absolute_monarchy;New Regno di York;;;;;;;;;;;;x
UNY_bourgeois_dictatorship;Serenissima Repubblica di New York e Long Island;;;;;;;;;;;;x
UNY_fascist_dictatorship;Stato di New York;;;;;;;;;;;;;x
UNY_presidential_dictatorship;New York;;;;;;;;;;;;;x
UNY_proletarian_dictatorship;Comune di Manhattan;;;;;;;;;;;;x
UNY_prussian_constitutionalism;New Regno di York;;;;;;;;;;;;x
UOR_absolute_monarchy;Regno dell'Oregon;;;;;;;;;;;;;x
UOR_colonial_company;Governo Provvisorio dell'Oregon;;;;;;;;;;;;;x
UOR_dominion;Territorio dell'Oregon;;;;;;;;;;;;;x
UOR_fascist_dictatorship;Cascadia;;;;;;;;;;;;;x
UOR_hms_government;Oregon;;;;;;;;;;;;;x
UOR_proletarian_dictatorship;Repubblica Popolare dell'Oregon;;;;;;;;;;;;;x
UOR_prussian_constitutionalism;Regno dell'Oregon;;;;;;;;;;;;;x
URA_absolute_monarchy;Stato degli Urali;;;;;;;;;;;;;x
URA_democracy;Stato Libero degli Urali;;;;;;;;;;;;;x
URA_hms_government;Stato degli Urali;;;;;;;;;;;;;x
URA_proletarian_dictatorship;Repubblica Popolare degli Urali;;;;;;;;;;;;;x
URA_prussian_constitutionalism;Stato degli Urali;;;;;;;;;;;;;x
URU_absolute_monarchy;Cisplatina;;;;;;;;;;;;;x
URU_colonial_company;Cisplatina;;;;;;;;;;;;;x
URU_dominion;Cisplatina;;;;;;;;;;;;;x
URU_hms_government;Cisplatina;;;;;;;;;;;;;x
URU_prussian_constitutionalism;Cisplatina;;;;;;;;;;;;;x
USA_absolute_monarchy;Impero Americano;;;;;;;;;;;;;x
USA_bourgeois_dictatorship;Stati Uniti d'America;…tats-Unis;;;;;;;;;;;;x
USA_democracy;Stati Uniti d'America;…tats-Unis;;;;;;;;;;;;x
USA_eng_dominion;Tredici Colonie;;;;;;;;;;;;;x
USA_fascist_dictatorship;Stati Uniti d'America;…tats-Unis;;;;;;;;;;;;x
USA_hms_government;Regno d'America;;;;;;;;;;;;;x
USA_presidential_dictatorship;Stati Uniti d'America;…tats-Unis;;;;;;;;;;;;x
USA_proletarian_dictatorship;Repubblica Popolare d'America;;;;;;;;;;;;;x
USA_prussian_constitutionalism;Impero Americano;;;;;;;;;;;;;x
USS_absolute_monarchy;Impero Sudamericano;;;;;;;;;;;;;x
USS_democracy;Unione delle Repubbliche Sudamericane;;;;;;;;;;;;;x
USS_fascist_dictatorship;Grande Unione del Sudamerica;;;;;;;;;;;;;x
USS_hms_government;Impero Sudamericano;;;;;;;;;;;;;x
USS_proletarian_dictatorship;Unione Sudamericana del Popolo;;;;;;;;;;;;;x
USS_prussian_constitutionalism;Impero Sudamericano;;;;;;;;;;;;;x
UVT_eng_colonial_company;Nuovo Connecticut;;;;;;;;;;;;;x
UVT_democracy;Repubblica del Vermont;;;;;;;;;;;;;x
UVT_eng_dominion;Domino delle Green Mountains;;;;;;;;;;;;;x
UVT_federal_democracy;Repubblica del Vermont;;;;;;;;;;;;;x
UYG_absolute_monarchy;Kashgaria;;;;;;;;;;;;;x
UYG_hms_government;Kashgaria;;;;;;;;;;;;;x
UYG_prussian_constitutionalism;Kashgaria;;;;;;;;;;;;;x
VAN_eng_colonial_company;Isola di Vancouver e le sue Dipendenze;;;;;;;;;;;;;x
VAN_eng_dominion;Dominio dell'Isola di Vancouver;;;;;;;;;;;;;x
VAN_hms_governmenr;Isola di Vancouver;;;;;;;;;;;;;x
VAN_parliamentary_republic;Isola di Vancouver;;;;;;;;;;;;;x
VEN_democracy;Repubblica di San Marco;;;;;;;;;;;;;x
VEN_presidential_dictatorship;Repubblica di San Marco;;;;;;;;;;;;;x
VFR_absolute_monarchy;Impero Francese;;;;;;;;;;;;;x
VFR_bourgeois_dictatorship;Francia Nazionalista;;;;;;;;;;;;;x
VFR_democracy;Francia Nazionalista;;;;;;;;;;;;;x
VFR_fascist_dictatorship;Francia di Vichy;;;;;;;;;;;;;x
VFR_hms_government;Regno di Francia;;;;;;;;;;;;;x
VFR_presidential_dictatorship;Francia Nazionalista;;;;;;;;;;;;;x
VFR_proletarian_dictatorship;Comune di Francia;;;;;;;;;;;;;x
VFR_prussian_constitutionalism;Impero di Francia;;;;;;;;;;;;;x
VLG_absolute_monarchy;Cosacchia;;;;;;;;;;;;;x
VLG_democracy;Repubblica Tedesca del Volga;;;;;;;;;;;;;x
VLG_fascist_dictatorship;Repubblica Tedesca del Volga;;;;;;;;;;;;;x
VLG_hms_government;Cosacchia;;;;;;;;;;;;;x
VLG_proletarian_dictatorship;RSS Volga Tedesco;;;;;;;;;;;;;x
VLG_prussian_constitutionalism;Cosacchia;;;;;;;;;;;;;x
VLK_absolute_monarchy;Regno Afrikaner;;;;;;;;;;;;;x
VLK_net_colonial_company;Sudafrica;;;;;;;;;;;;;x
VLK_net_dominion;Sudafrica;;;;;;;;;;;;;x
VLK_hms_government;Regno Afrikaner;;;;;;;;;;;;;x
VLK_proletarian_dictatorship;Repubblica Socialista di Sudafrica;;;;;;;;;;;;;x
VLK_prussian_constitutionalism;Regno Afrikaner;;;;;;;;;;;;;x
VOC_net_colonial_company;Indie Orientali Olandesi;;;;;;;;;;;;;x
VOJ_colonial_company;Frontiera Militare Serba;;;;;;;;;;;;;x
VTU_eng_colonial_company;Nuove Ebridi;;;;;;;;;;;;;x
VTU_eng_dominion;Nuove Ebridi;;;;;;;;;;;;;x
WAD_absolute_monarchy;Sultanto Ouaddai;;;;;;;;;;;;;x
WAD_hms_government;Sultanato Ouaddai;;;;;;;;;;;;;x
WAD_prussian_constitutionalism;Sultanato Ouaddai;;;;;;;;;;;;;x
WAS_fascist_dictatorship;Westralia;Westralia;Westralia;;;;;;;;;;;x
WEI_absolute_monarchy;Granducato di Sassonia-Weimar-Eisenach;;;;;;;;;;;;;x
WEI_ger_colonial_company;Gau di Weimar;;;;;;;;;;;;;x
WEI_democracy;Stato Libero di Sassonia-Weimar-Eisenach;;;;;;;;;;;;;x
WEI_ger_dominion;Gau di Weimar;;;;;;;;;;;;;x
WEI_fascist_dictatorship;Reich Weimarese;;;;;;;;;;;;;x
WEI_federal_democracy;Stato Libero di Sassonia-Weimar-Eisenach;;;;;;;;;;;;;x
WEI_hms_government;Granducato di Sassonia-Weimar-Eisenach;;;;;;;;;;;;;x
WEI_parliamentary_republic;Stato Libero di Sassonia-Weimar-Eisenach;;;;;;;;;;;;;x
WEI_proletarian_dictatorship;Repubblica Democratica Weimarese;;;;;;;;;;;;;x
WEI_prussian_constitutionalism;Granducato di Sassonia-Weimar-Eisenach;;;;;;;;;;;;;x
WIN_eng_colonial_company;Colonia delle Isole Sopravento Meridionali;;;;;;;;;;;;;x
WIN_eng_dominion;Colonia Federale delle Isole Sopravento Meridionali;;;;;;;;;;;;;x
WIN_hms_government;Federazione delle Indie Occidentali;;;;;;;;;;;;;x
WIN_parliamentary_republic;Federazione delle Indie Occidentali;;;;;;;;;;;;;x
WLD_absolute_monarchy;Principato di Waldeck;;;;;;;;;;;;;x
WLD_ger_colonial_company;Circondario di Arolsen;;;;;;;;;;;;;x
WLD_democracy;Stato Libero di Waldeck-Pyrmont;;;;;;;;;;;;;x
WLD_ger_dominion;Circondario di Arolsen;;;;;;;;;;;;;x
WLD_fascist_dictatorship;Reich Waldeckese;;;;;;;;;;;;;x
WLD_federal_democracy;Stato Libero di Waldeck-Pyrmont;;;;;;;;;;;;;x
WLD_hms_government;Principato di Waldeck e Pyrmont;;;;;;;;;;;;;x
WLD_parliamentary_republic;Stato Libero di Waldeck-Pyrmont;;;;;;;;;;;;;x
WLD_proletarian_dictatorship;Repubblica Democratica Waldeckese;;;;;;;;;;;;;x
WLD_prussian_constitutionalism;Principato di Waldeck e Pyrmont;;;;;;;;;;;;;x
WOL_absolute_monarchy;Wolof;;;;;;;;;;;;;x
WOL_hms_government;Wolof;;;;;;;;;;;;;x
WOL_prussian_constitutionalism;Wolof;;;;;;;;;;;;;x
WOL_theocracy;Wolof;;;;;;;;;;;;;x
WUR_absolute_monarchy;Regno di W¸rttemberg;;;;;;;;;;;;;x
WUR_ger_colonial_company;Land di W¸rttemberg;;;;;;;;;;;;;x
WUR_democracy;Stato Libero Popolare di W¸rttemberg;;;;;;;;;;;;;x
WUR_ger_dominion;Land di W¸rttemberg;;;;;;;;;;;;;x
WUR_fascist_dictatorship;Reich W¸rttemberghese;;;;;;;;;;;;;x
WUR_federal_democracy;Stato Libero Popolare di W¸rttemberg;;;;;;;;;;;;;x
WUR_hms_government;Regno di W¸rttemberg;;;;;;;;;;;;;x
WUR_parliamentary_republic;Stato Libero Popolare di W¸rttemberg;;;;;;;;;;;;;x
WUR_proletarian_dictatorship;Repubblica Popolare di W¸rttemberg;;;;;;;;;;;;;x
WUR_prussian_constitutionalism;Regno di W¸rttemberg;;;;;;;;;;;;;x
XBI_presidential_dictatorship;Cricca Ma;;;;;;;;;;;;;x
XHO_democracy;Xhosaland;;;;;;;;;;;;;x
XIN_presidential_dictatorship;Cricca dello Xinjiang;Clique de Xinjiang;Xinjiang-Clique;;;;;;;;;;;x
YEM_eng_colonial_company;Protettorato di Aden;;;;;;;;;;;;;x
YEM_eng_dominion;Protettorato di Aden;;;;;;;;;;;;;x
YEM_proletarian_dictatorship;Repubblica Popolare di Yemen;;;;;;;;;;;;;x
YNN_presidential_dictatorship;Cricca dello Yunnan;Clique de Yunnan;Yunnan-Clique;;;;;;;;;;;x
YUC_spa_colonial_company;Capitanato Generale di Merida di Yucatan;;;;;;;;;;;;;x
YUC_democracy;Repubblica di Yucatan;;;;;;;;;;;;;x
YUC_federal_democracy;Repubblia Federale di Yucatan;;;;;;;;;;;;;x
ZAC_spa_colonial_company;Regno di Nuova Galizia;;;;;;;;;;;;;x
ZAC_democracy;Repubblica di Zacatecas;;;;;;;;;;;;;x
ZAC_federal_democracy;Repubblica di Zacatecas;;;;;;;;;;;;;x
ZAM_eng_colonial_company;Rodesia Settentrionale;;;;;;;;;;;;;x
ZAM_eng_dominion;Rodesia Settentrionale;;;;;;;;;;;;;x
